,entity_id,country_code,environmental_score,social_score,governance_score,scope1_per_usd,scope2_per_usd,A,B,C,D,E,F,G,H,I,J,K,L,M,N,O,P,Q,R,S,T
0,1782,GB,3.9,1.75,2.833,0.01700651349466846,0.0,0.0,0.0,1.0,0.0,0.0,0.0,0.0,0.0,0.0,0.0,0.0,0.0,0.0,0.0,0.0,0.0,0.0,0.0,0.0,0.0
1,3918,US,3.004,2.942,2.143,0.017506771487084627,0.0,0.0,0.0,0.0,0.0,0.0,0.0,0.0,0.0,0.0,0.862102273,0.0,0.0,0.137897727,0.0,0.0,0.0,0.0,0.0,0.0,0.0
3,10299,FR,2.979,2.56,1.571,0.07282051282051283,0.0,0.0,0.0,0.0,0.0,0.0,0.0,0.0,0.0,0.0,1.0,0.0,0.0,0.0,0.0,0.0,0.0,0.0,0.0,0.0,0.0
4,2324,US,3.776,3.0,2.429,0.011852945638661013,0.0,0.0,0.0,0.0,0.0,0.0,0.0,0.0,0.0,0.0,0.0,1.0,0.0,0.0,0.0,0.0,0.0,0.0,0.0,0.0,0.0
5,1206,ES,2.138,1.785,2.0,0.060469798657718114,0.0,0.0,0.0,0.0,0.0,0.0,0.0,0.0,0.0,0.0,1.0,0.0,0.0,0.0,0.0,0.0,0.0,0.0,0.0,0.0,0.0
6,1418,US,3.083,3.0,1.929,0.07409574764532129,0.0,0.0,0.0,1.0,0.0,0.0,0.0,0.0,0.0,0.0,0.0,0.0,0.0,0.0,0.0,0.0,0.0,0.0,0.0,0.0,0.0
7,4021,GB,2.45,2.5,2.452,0.19816326530612244,0.0,0.0,0.0,0.0,0.0,0.0,0.0,0.0,0.0,0.0,1.0,0.0,0.0,0.0,0.0,0.0,0.0,0.0,0.0,0.0,0.0
8,1494,US,3.022,4.9,2.214,0.03085,0.0,0.0,0.0,0.0,0.0,0.0,0.0,0.0,0.0,0.0,0.0,0.0,0.0,0.0,0.0,0.0,0.0,0.0,1.0,0.0,0.0
9,3173,ES,3.815,3.0,3.119,1.223099731463524,0.0,0.0,0.0,0.0,0.0,0.0,0.0,0.0,0.0,0.0,0.0,0.0,0.0,0.0,0.0,0.0,0.0,0.0,1.0,0.0,0.0
10,1331,US,2.65,2.45,2.286,0.4544491525423729,0.0,0.0,0.0,0.0,0.0,0.0,0.0,0.0,0.0,0.0,1.0,0.0,0.0,0.0,0.0,0.0,0.0,0.0,0.0,0.0,0.0
11,10153,GB,4.65,2.25,2.929,3.399343535772793,0.0,0.0,0.0,0.0,0.0,0.0,0.0,0.0,1.0,0.0,0.0,0.0,0.0,0.0,0.0,0.0,0.0,0.0,0.0,0.0,0.0
12,4037,IT,3.569,3.013,2.071,4.6627506265664165,0.0,0.0,0.0,1.0,0.0,0.0,0.0,0.0,0.0,0.0,0.0,0.0,0.0,0.0,0.0,0.0,0.0,0.0,0.0,0.0,0.0
13,1735,GB,3.807,2.112,2.905,9.397729271037033,0.0,0.031104959,0.0,0.031104959,0.0,0.0,0.0,0.0,0.0,0.809806947,0.0,0.0,0.0,0.096878177,0.0,0.0,0.0,0.0,0.0,0.0,0.031104959
18,2862,US,3.258,2.9,2.81,0.003004427050303383,0.000865432341822251,0.0,0.0,0.0,0.0,0.0,0.0,0.0,0.0,0.0,0.311598558,0.479867788,0.0,0.0,0.0,0.0,0.0,0.0,0.0,0.0,0.0
21,1618,DE,3.9,1.9,2.071,0.007272727272727273,0.00019480519480519483,0.0,0.0,1.0,0.0,0.0,0.0,0.0,0.0,0.0,0.0,0.0,0.0,0.0,0.0,0.0,0.0,0.0,0.0,0.0,0.0
22,2306,IE,4.9,3.0,2.738,0.007449392712550607,0.0017408906882591094,0.0,0.0,0.0,0.0,0.0,0.0,0.0,0.0,0.0,0.0,1.0,0.0,0.0,0.0,0.0,0.0,0.0,0.0,0.0,0.0
23,1645,GB,3.1,3.0,2.786,0.003922213174153736,0.008217970460131637,0.0,0.0,0.0,0.0,0.0,0.0,0.0,0.0,0.0,1.0,0.0,0.0,0.0,0.0,0.0,0.0,0.0,0.0,0.0,0.0
24,2149,FR,3.65,2.0,2.69,0.22218626269581684,0.013152005508693408,0.0,0.0,1.0,0.0,0.0,0.0,0.0,0.0,0.0,0.0,0.0,0.0,0.0,0.0,0.0,0.0,0.0,0.0,0.0,0.0
25,4176,ES,3.5,2.1,2.881,0.3570630341880342,0.009488247863247864,0.0,0.0,1.0,0.0,0.0,0.0,0.0,0.0,0.0,0.0,0.0,0.0,0.0,0.0,0.0,0.0,0.0,0.0,0.0,0.0
26,1227,JE,4.0,2.012,3.881,0.09636913767019667,0.013767019667170952,0.0,0.0,0.0,0.0,0.0,0.0,1.0,0.0,0.0,0.0,0.0,0.0,0.0,0.0,0.0,0.0,0.0,0.0,0.0,0.0
27,1665,SE,2.948,3.053,2.0,0.03403846153846154,0.008942307692307692,0.0,0.0,0.0,0.0,0.0,0.0,0.0,0.0,0.0,0.803451582,0.0,0.0,0.196548418,0.0,0.0,0.0,0.0,0.0,0.0,0.0
29,3800,GB,3.944,3.0,2.357,0.005543710021321962,0.02302771855010661,0.0,0.0,0.0,0.0,0.0,0.0,0.0,0.0,0.0,0.0,1.0,0.0,0.0,0.0,0.0,0.0,0.0,0.0,0.0,0.0
30,1214,LU,2.465,2.143,2.786,0.06689184832833063,0.009939752562844309,0.0,0.0,0.5,0.0,0.0,0.0,0.0,0.0,0.0,0.5,0.0,0.0,0.0,0.0,0.0,0.0,0.0,0.0,0.0,0.0
32,2279,IE,4.238,3.0,1.357,0.0434932454164522,0.0014756190221798045,0.0,0.0,0.0,0.0,0.0,0.0,0.081426909,0.0,0.0,0.0,0.0,0.0,0.0,0.918573091,0.0,0.0,0.0,0.0,0.0,0.0
34,2929,US,3.1,2.935,2.833,0.0016857142857142856,0.01125,0.0,0.0,0.0,0.0,0.0,0.0,0.0,0.0,0.0,0.0,0.0,0.0,1.0,0.0,0.0,0.0,0.0,0.0,0.0,0.0
35,1140,NL,2.793,3.0,2.476,0.018705035971223024,0.030215827338129497,0.0,0.0,0.0,0.0,0.0,0.0,0.0,0.0,0.0,1.0,0.0,0.0,0.0,0.0,0.0,0.0,0.0,0.0,0.0,0.0
36,3632,GB,2.6,2.5,2.548,0.07514492753623188,0.009130434782608696,0.0,0.0,0.0,0.0,0.0,0.0,0.0,0.0,0.0,0.0,0.0,0.0,1.0,0.0,0.0,0.0,0.0,0.0,0.0,0.0
37,3954,US,3.1,2.678,1.5,0.0040217428826043195,0.004356888122821347,0.0,0.0,0.0,0.0,0.0,0.0,0.0,0.0,0.0,0.41165,0.0,0.0,0.0,0.523,0.0,0.0,0.0,0.0,0.0,0.0
40,106,DE,1.95,2.375,2.286,0.5215151387188041,0.03073256103111261,0.0,0.0,0.0,0.0,0.0,0.0,0.0,0.0,0.0,0.5,0.0,0.0,0.0,0.0,0.0,0.0,0.0,0.0,0.0,0.0
42,10600,US,3.25,3.008,2.0,0.016916241396827687,0.018798688991291748,0.0,0.0,0.0,0.0,0.0,0.0,0.0,0.0,0.0,1.0,0.0,0.0,0.0,0.0,0.0,0.0,0.0,0.0,0.0,0.0
43,1794,GB,3.105,2.966,3.452,0.019520592721725866,0.033678361298757904,0.0,0.0,0.0,0.0,0.0,0.0,0.0,0.0,0.0,1.0,0.0,0.0,0.0,0.0,0.0,0.0,0.0,0.0,0.0,0.0
44,1807,NL,2.598,2.0,2.31,0.09113997136858262,0.007041233905829657,0.0,0.0,0.0,0.0,0.0,0.0,0.098819757,0.0,0.0,0.901180243,0.0,0.0,0.0,0.0,0.0,0.0,0.0,0.0,0.0,0.0
46,1060,FR,2.798,2.434,3.119,2.881685218466085,0.028946489838538966,0.0,0.0,0.0,0.265734104,0.0,0.734265896,0.0,0.0,0.0,0.0,0.0,0.0,0.0,0.0,0.0,0.0,0.0,0.0,0.0,0.0
48,10477,US,2.988,2.95,3.143,0.015531135531135531,0.006080586080586081,0.0,0.0,0.0,0.0,0.0,0.0,0.0,0.0,0.0,0.0,0.0,0.0,0.667884879,0.0,0.0,0.0,0.0,0.0,0.0,0.0
50,1268,GB,4.941,3.024,2.881,0.020521732338813607,0.003514663959073691,0.0,0.0,0.004205881,0.0,0.0,0.0,0.971761628,0.0,0.018518374,0.0,0.0,0.0,0.0,0.0,0.0,0.0,0.0,0.0,0.005514117,0.0
54,3539,DE,2.994,1.9,1.929,0.108765091224081,0.01012397812787613,0.0,0.0,0.0,0.0,0.0,0.0,0.0,0.0,0.0,1.0,0.0,0.0,0.0,0.0,0.0,0.0,0.0,0.0,0.0,0.0
55,1383,GB,3.492,2.744,2.667,0.5551727532237425,0.01958854217934836,0.009548184,0.0,0.0,0.0,0.0,0.0,0.0,0.0,0.0,0.0,0.0,0.990451816,0.0,0.0,0.0,0.0,0.0,0.0,0.0,0.0
57,1588,ES,3.9,3.0,3.476,0.3475378787878788,0.09564393939393939,0.0,0.0,0.0,0.0,0.0,0.0,0.0,1.0,0.0,0.0,0.0,0.0,0.0,0.0,0.0,0.0,0.0,0.0,0.0,0.0
58,999,NL,2.12,2.014,1.714,0.08963503649635036,0.004963503649635037,0.0,0.0,0.0,0.0,0.0,0.0,0.0,0.0,0.0,1.0,0.0,0.0,0.0,0.0,0.0,0.0,0.0,0.0,0.0,0.0
59,3535,BE,3.421,2.572,3.119,4.982507645259939,0.026299694189602447,0.0,0.0,0.0,0.0,0.230110159,0.769889841,0.0,0.0,0.0,0.0,0.0,0.0,0.0,0.0,0.0,0.0,0.0,0.0,0.0,0.0
61,1467,ES,3.594,3.086,3.262,0.010606060606060607,0.048917748917748916,0.0,0.0,0.0,0.0,0.0,0.0,0.0,0.0,0.0,0.45021645,0.0,0.0,0.0,0.0,0.0,0.0,0.0,0.54978355,0.0,0.0
63,1320,GB,3.893,3.027,2.31,0.07493080829836132,0.059660915522929354,0.0,0.0,0.0,0.0,0.0,0.0,0.0,0.0,0.0,0.0,0.71768008,0.14115996,0.0,0.14115996,0.0,0.0,0.0,0.0,0.0,0.0
66,3850,SE,3.102,2.205,2.429,0.12770121951219512,0.0015670731707317072,0.0,0.0,0.0,0.0,0.065,0.165,0.0,0.0,0.0,0.0,0.0,0.0,0.0,0.0,0.0,0.0,0.0,0.0,0.0,0.0
69,1249,LU,3.734,3.461,2.881,0.33355699752159396,0.05294247693220648,0.0,0.0,0.02295506,0.0,0.0,0.0,0.48852247,0.0,0.0,0.0,0.0,0.0,0.0,0.0,0.0,0.0,0.0,0.0,0.0,0.0
72,3992,IT,4.0,1.906,2.143,0.2553325817361894,0.11532130777903044,0.0,0.0,1.0,0.0,0.0,0.0,0.0,0.0,0.0,0.0,0.0,0.0,0.0,0.0,0.0,0.0,0.0,0.0,0.0,0.0
73,2285,FR,3.058,2.92,2.786,0.24924000000000002,0.01268,0.0,0.0,0.0,0.0,0.0,0.0,0.0,0.0,0.0,1.0,0.0,0.0,0.0,0.0,0.0,0.0,0.0,0.0,0.0,0.0
74,3312,GB,3.15,3.0,2.476,0.017283774454782328,0.035672906578184456,0.0,0.0,0.0,0.0,0.0,0.0,0.0,0.0,0.0,1.0,0.0,0.0,0.0,0.0,0.0,0.0,0.0,0.0,0.0,0.0
75,1443,IT,3.0,2.953,2.5,0.15297649536821167,0.0847572474337389,0.0,0.0,0.0,0.0,0.0,0.0,0.0,0.0,0.0,0.227491042,0.772508958,0.0,0.0,0.0,0.0,0.0,0.0,0.0,0.0,0.0
77,4233,GB,2.442,2.889,2.048,0.020192307692307693,0.035673076923076925,0.0,0.0,0.0,0.0,0.0,0.0,0.0,0.0,0.0,0.0,1.0,0.0,0.0,0.0,0.0,0.0,0.0,0.0,0.0,0.0
78,10204,GB,3.017,2.042,1.881,3.7555650180150675,0.0623173927284638,0.0,0.0,0.0,0.0,0.288861689,0.5,0.0,0.0,0.0,0.0,0.0,0.0,0.211138311,0.0,0.0,0.0,0.0,0.0,0.0,0.0
81,3673,CH,3.218,3.0,2.429,0.20909306180440446,0.09471939379587971,0.0,0.0,0.0,0.0,0.0,0.0,0.0,0.0,0.0,0.73889414,0.26110586,0.0,0.0,0.0,0.0,0.0,0.0,0.0,0.0,0.0
83,1242,IT,3.53,3.0,2.214,0.44518667435116654,0.09076180924590552,0.0,0.0,0.851329887,0.0,0.0,0.0,0.0,0.0,0.0,0.0,0.0,0.0,0.0,0.0,0.0,0.0,0.0,0.0,0.0,0.0
85,2365,FR,4.0,2.769,2.833,0.13119266055045872,0.04827981651376147,0.0,0.0,1.0,0.0,0.0,0.0,0.0,0.0,0.0,0.0,0.0,0.0,0.0,0.0,0.0,0.0,0.0,0.0,0.0,0.0
86,2944,US,3.0,2.9,2.524,0.015780445969125215,0.07409948542024013,0.0,0.0,0.0,0.0,0.0,0.0,0.0,0.0,0.0,0.0,0.0,0.0,1.0,0.0,0.0,0.0,0.0,0.0,0.0,0.0
87,3668,SE,3.805,2.907,1.786,0.32150295857988165,0.002621301775147929,0.0,0.0,0.0,0.0,0.0,0.0,0.0,0.0,0.0,0.0,0.09,0.0,0.0,0.91,0.0,0.0,0.0,0.0,0.0,0.0
89,87,IT,3.0,2.677,2.286,0.42944288585619295,0.07871124893959287,0.0,0.0,0.0,0.0,0.0,0.0,0.0,0.0,0.0,1.0,0.0,0.0,0.0,0.0,0.0,0.0,0.0,0.0,0.0,0.0
90,4061,US,4.084,3.0,2.143,0.01756198347107438,0.018512396694214877,0.0,0.0,0.0,0.0,0.0,0.0,0.0,0.265786215,0.265786215,0.0,0.0,0.0,0.0,0.202641354,0.0,0.0,0.0,0.0,0.0,0.0
94,1295,IT,3.102,1.754,2.214,0.09645153608001907,0.11002619671350322,0.0,0.0,0.0,0.0,0.0,0.0,0.0,0.0,0.0,0.0,0.0,0.0,0.0,0.0,0.0,1.0,0.0,0.0,0.0,0.0
95,2677,CA,3.2,3.0,2.286,0.0009486282242984006,0.05715485051397863,0.0,0.0,0.0,0.0,0.0,0.0,0.0,0.0,0.0,0.0,1.0,0.0,0.0,0.0,0.0,0.0,0.0,0.0,0.0,0.0
96,10372,DE,3.469,3.0,3.214,0.21179765447225626,0.0925958340626641,0.0,0.0,0.0,0.0,0.0,0.0,0.0,0.0,0.0,1.0,0.0,0.0,0.0,0.0,0.0,0.0,0.0,0.0,0.0,0.0
97,3429,SE,2.62,2.607,2.071,0.07173648648648648,0.00377027027027027,0.0,0.0,0.0,0.0,0.0,1.0,0.0,0.0,0.0,0.0,0.0,0.0,0.0,0.0,0.0,0.0,0.0,0.0,0.0,0.0
98,2951,US,1.0,3.0,1.81,0.023786100164219236,0.03640859065136491,0.0,0.0,1.0,0.0,0.0,0.0,0.0,0.0,0.0,0.0,0.0,0.0,0.0,0.0,0.0,0.0,0.0,0.0,0.0,0.0
99,3546,NL,1.0,3.0,2.357,0.1098049058142818,0.08679816364367038,0.0,0.0,1.0,0.0,0.0,0.0,0.0,0.0,0.0,0.0,0.0,0.0,0.0,0.0,0.0,0.0,0.0,0.0,0.0,0.0
100,1757,US,3.086,2.9,2.571,0.006071035900377646,0.013958602227639944,0.0,0.0,0.0,0.0,0.0,0.0,0.0,0.0,0.0,0.429856544,0.0,0.0,0.140286913,0.0,0.0,0.0,0.0,0.0,0.0,0.0
103,10589,GB,3.876,2.915,3.31,2.82067771456839,2.959188721246599,0.0,0.0,1.0,0.0,0.0,0.0,0.0,0.0,0.0,0.0,0.0,0.0,0.0,0.0,0.0,0.0,0.0,0.0,0.0,0.0
104,4051,US,4.897,3.0,1.857,0.5413731927520677,0.03784898036492203,0.0,0.0,0.999245744,0.0,0.0,0.0,0.000754256,0.0,0.0,0.0,0.0,0.0,0.0,0.0,0.0,0.0,0.0,0.0,0.0,0.0
106,1784,BE,3.213,1.833,2.619,0.09550532974991022,0.12036828749472155,0.0,0.0,0.0,0.0,0.0,0.0,0.0,0.0,0.0,0.0,0.0,0.0,0.0,0.0,0.0,1.0,0.0,0.0,0.0,0.0
107,3048,GB,3.25,2.8,3.31,0.6035110230856925,0.02125062643665909,0.0,0.0,0.0,0.0,0.0,0.0,0.0,0.0,0.0,0.0,0.0,0.0,0.0,1.0,0.0,0.0,0.0,0.0,0.0,0.0
108,3179,GB,3.633,2.992,2.405,0.011688311688311689,0.09177489177489177,0.0,0.0,0.0,0.0,0.0,0.0,0.0,0.0,0.0,0.033478894,0.0,0.0,0.0,0.966521106,0.0,0.0,0.0,0.0,0.0,0.0
110,10233,IT,3.75,3.27,2.643,0.2091828793774319,0.10739299610894941,0.0,0.0,1.0,0.0,0.0,0.0,0.0,0.0,0.0,0.0,0.0,0.0,0.0,0.0,0.0,0.0,0.0,0.0,0.0,0.0
111,2193,US,4.739,3.0,1.976,0.48169435215946843,0.025913621262458473,0.0,0.0,0.0,1.0,0.0,0.0,0.0,0.0,0.0,0.0,0.0,0.0,0.0,0.0,0.0,0.0,0.0,0.0,0.0,0.0
112,3289,NL,3.144,2.981,2.071,0.3403335637746284,0.13553750432077427,0.0,0.0,0.0,0.0,0.0,0.0,0.0,0.0,0.0,0.528301887,0.0,0.0,0.0,0.471698113,0.0,0.0,0.0,0.0,0.0,0.0
114,3498,SE,3.262,2.394,2.524,0.37793203883495147,0.008281553398058252,0.0,0.0,0.0,0.0,0.0,1.0,0.0,0.0,0.0,0.0,0.0,0.0,0.0,0.0,0.0,0.0,0.0,0.0,0.0,0.0
115,2292,GB,3.051,2.987,2.933,0.1130659767141009,0.11578266494178525,0.0,0.0,0.0,0.0,0.0,0.0,0.0,0.0,0.0,0.0,1.0,0.0,0.0,0.0,0.0,0.0,0.0,0.0,0.0,0.0
116,10432,SE,3.5,3.0,3.119,0.0024208844963561943,0.022686433063791554,0.0,0.0,1.0,0.0,0.0,0.0,0.0,0.0,0.0,0.0,0.0,0.0,0.0,0.0,0.0,0.0,0.0,0.0,0.0,0.0
117,1170,CA,3.913,2.977,2.238,0.8585312769709932,0.03414762280010507,0.0,0.0,0.62,0.0,0.0,0.0,0.19,0.0,0.0,0.0,0.0,0.0,0.0,0.0,0.0,0.0,0.0,0.0,0.0,0.0
120,2545,SE,4.9,3.0,3.19,0.01108641975308642,0.16630158730158728,0.0,0.0,0.0,0.0,0.0,0.0,0.0,1.0,0.0,0.0,0.0,0.0,0.0,0.0,0.0,0.0,0.0,0.0,0.0,0.0
121,1368,IT,3.136,2.86,2.738,0.20650260119981836,0.18882599447095658,0.0,0.0,0.0,0.0,0.0,0.0,0.0,0.0,0.0,0.0,0.0,0.0,0.86442902,0.13557098,0.0,0.0,0.0,0.0,0.0,0.0
123,1160,GB,3.0,2.988,1.929,0.17134905910416115,0.13318314338722503,0.0,0.0,0.0,0.0,0.0,0.0,0.0,0.0,0.0,0.114895309,0.0,0.0,0.885104691,0.0,0.0,0.0,0.0,0.0,0.0,0.0
125,4146,NL,3.741,2.607,3.119,1.8142990654205606,0.09962616822429907,0.0,0.0,0.0,0.0,0.0,0.8,0.0,0.0,0.0,0.0,0.0,0.0,0.0,0.0,0.0,0.0,0.0,0.0,0.0,0.0
127,3114,US,2.75,3.125,2.881,2.8850983360897744,0.11205270826839211,0.0,0.0,0.333333333,0.0,0.0,0.0,0.333333333,0.0,0.0,0.0,0.0,0.0,0.0,0.333333333,0.0,0.0,0.0,0.0,0.0,0.0
130,3102,US,2.884,1.9,2.143,0.05242072041561885,0.19563196691189716,0.0,0.0,0.0,0.0,0.0,0.0,0.0,0.0,0.0,0.5,0.0,0.0,0.0,0.0,0.0,0.5,0.0,0.0,0.0,0.0
132,3985,DK,2.491,2.286,1.452,0.007289655172413793,0.00766896551724138,0.0,0.0,0.0,0.0,0.0,0.0,0.058928571,0.0,0.0,0.941071429,0.0,0.0,0.0,0.0,0.0,0.0,0.0,0.0,0.0,0.0
134,10045,LU,3.65,2.0,3.119,0.017760210803689065,0.150566534914361,0.0,0.0,0.0,0.0,0.0,0.0,0.0,0.0,0.0,1.0,0.0,0.0,0.0,0.0,0.0,0.0,0.0,0.0,0.0,0.0
135,1925,US,3.097,3.0,2.619,0.02715266395696227,0.08843577143524582,0.0,0.0,0.06484936,0.0,0.0,0.0,0.0,0.0,0.0,0.870301281,0.0,0.0,0.06484936,0.0,0.0,0.0,0.0,0.0,0.0,0.0
138,3115,US,3.2,3.0,1.814,0.03417789945419987,0.136944100534175,0.0,0.0,0.0,0.0,0.0,0.0,0.0,0.0,0.0,0.0,0.0,0.0,0.0,1.0,0.0,0.0,0.0,0.0,0.0,0.0
139,3555,US,4.373,3.267,2.333,0.14422745098039214,0.11812549019607844,0.0,0.0,1.0,0.0,0.0,0.0,0.0,0.0,0.0,0.0,0.0,0.0,0.0,0.0,0.0,0.0,0.0,0.0,0.0,0.0
140,1637,FR,3.0,3.0,2.881,0.29215517241379313,0.10517241379310345,0.0,0.0,0.0,0.0,0.0,0.0,0.0,0.0,0.0,0.0,0.0,0.0,1.0,0.0,0.0,0.0,0.0,0.0,0.0,0.0
141,1366,GB,2.32,2.938,1.857,1.4483115093039283,0.04785971360747377,0.0,0.0,0.0,0.0,0.0,1.0,0.0,0.0,0.0,0.0,0.0,0.0,0.0,0.0,0.0,0.0,0.0,0.0,0.0,0.0
142,10314,DE,3.013,2.992,2.833,0.22541989981337787,0.1279834986740006,0.0,0.0,0.0,0.0,0.0,0.0,0.0,0.0,0.0,0.0,0.0,0.0,0.0,1.0,0.0,0.0,0.0,0.0,0.0,0.0
143,1476,DE,3.55,3.0,3.024,0.12195121951219512,0.10764227642276422,0.0,0.0,0.0,0.0,0.0,0.0,1.0,0.0,0.0,0.0,0.0,0.0,0.0,0.0,0.0,0.0,0.0,0.0,0.0,0.0
144,1226,CH,3.6,3.1,2.31,0.05321305493614434,0.1637417586130337,0.0,0.0,0.5,0.0,0.0,0.0,0.5,0.0,0.0,0.0,0.0,0.0,0.0,0.0,0.0,0.0,0.0,0.0,0.0,0.0
146,2589,US,3.047,3.15,3.005,0.010298829107947074,0.16134871373149845,0.0,0.0,0.0,0.0,0.0,0.0,0.0,0.0,0.0,1.0,0.0,0.0,0.0,0.0,0.0,0.0,0.0,0.0,0.0,0.0
147,3705,BE,2.265,2.267,2.214,0.28277166678343724,0.0486583058922441,0.0,0.0,0.061115784,0.0,0.0,0.0,0.0,0.0,0.0,0.938884216,0.0,0.0,0.0,0.0,0.0,0.0,0.0,0.0,0.0,0.0
149,98,DE,3.821,3.0,3.024,0.764126177519478,0.2288354766378189,0.0,0.0,0.0,0.0,0.0,0.0,0.0,1.0,0.0,0.0,0.0,0.0,0.0,0.0,0.0,0.0,0.0,0.0,0.0,0.0
150,4215,NL,3.327,2.0,3.262,0.37410071942446044,0.3424460431654676,0.0,0.0,0.94,0.0,0.0,0.0,0.0,0.0,0.0,0.0,0.06,0.0,0.0,0.0,0.0,0.0,0.0,0.0,0.0,0.0
152,3942,US,3.093,3.0,3.167,0.03873778405745908,0.17379018014835748,0.0,0.0,0.0,0.0,0.0,0.0,0.0,0.0,0.0,0.9339254,0.0,0.0,0.0,0.0,0.0,0.0,0.0,0.0,0.0,0.0
154,2265,FR,3.638,2.419,2.833,0.17225130890052356,0.25759162303664923,0.0,0.0,0.0,0.0,0.0,0.0,0.0,0.0,0.0,0.0,0.856643357,0.0,0.0,0.0,0.0,0.0,0.0,0.0,0.0,0.0
156,3936,NL,2.93,2.855,2.786,2.329059829059829,0.3155982905982906,0.0,0.0,0.0,0.0,0.0,0.0,0.0,0.0,0.0,0.0,0.0,0.0,1.0,0.0,0.0,0.0,0.0,0.0,0.0,0.0
157,3160,FR,3.675,2.0,2.595,1.4901875,0.09593750000000001,0.0,0.0,0.0,0.0,0.0,0.0,0.0,0.0,0.0,0.0,0.0,0.03,0.0,0.0,0.0,0.0,0.04,0.0,0.0,0.0
161,2807,MT,4.699,3.309,3.595,19.437586048646168,0.3526847177604406,0.0,0.0,0.0,0.0,0.0,0.0,0.0,0.824919688,0.0,0.0,0.0,0.0,0.0,0.175080312,0.0,0.0,0.0,0.0,0.0,0.0
163,1358,DE,2.182,2.783,2.0,13.412390394085179,0.1472279472285142,0.0,0.0,0.0,0.0,0.0,0.0,0.0,0.0,0.0,0.0,0.0,0.0,1.0,0.0,0.0,0.0,0.0,0.0,0.0,0.0
164,1078,US,3.8,3.039,1.786,0.14419934640522875,0.026094771241830062,0.0,0.0,0.666666667,0.0,0.0,0.0,0.333333333,0.0,0.0,0.0,0.0,0.0,0.0,0.0,0.0,0.0,0.0,0.0,0.0,0.0
166,1785,SE,4.0,1.95,2.5,2.753688029020556,0.19347037484885127,0.0,0.0,1.0,0.0,0.0,0.0,0.0,0.0,0.0,0.0,0.0,0.0,0.0,0.0,0.0,0.0,0.0,0.0,0.0,0.0
167,2132,FR,4.25,2.945,3.119,3.0466608712616154,0.17161116190725278,0.0,0.0,0.0,0.0,0.0,0.870517928,0.0,0.0,0.0,0.129482072,0.0,0.0,0.0,0.0,0.0,0.0,0.0,0.0,0.0,0.0
169,1655,LU,2.891,2.189,2.405,0.06894211312913812,0.31856010894153475,0.0,0.0,0.0,0.0,0.0,0.0,0.0,0.0,0.0,0.562946718,0.0,0.0,0.0,0.0,0.0,0.0,0.0,0.0,0.0,0.0
171,1425,GB,3.351,4.818,1.714,0.16071951719692976,0.09550594714946974,0.0,0.0,0.0,0.0,0.0,0.0,0.0,0.0,0.0,0.0,0.0,0.0,0.0,0.0,0.0,0.0,0.0,1.0,0.0,0.0
172,4188,GB,3.565,2.43,1.952,0.006492465863189773,0.13667051557575435,0.0,0.0,0.0,0.0,0.0,0.0,0.0,0.0,0.0,0.0,1.0,0.0,0.0,0.0,0.0,0.0,0.0,0.0,0.0,0.0
173,1332,IT,3.9,1.661,1.714,1.592073795695251,0.07319781346088144,0.0,0.0,1.0,0.0,0.0,0.0,0.0,0.0,0.0,0.0,0.0,0.0,0.0,0.0,0.0,0.0,0.0,0.0,0.0,0.0
174,3410,NL,4.0,3.059,3.143,0.20065416666666666,0.07142916666666667,0.0,0.0,0.0,0.0,0.0,0.0,1.0,0.0,0.0,0.0,0.0,0.0,0.0,0.0,0.0,0.0,0.0,0.0,0.0,0.0
175,1091,GB,3.653,2.711,2.452,0.010314015828440133,0.07344055825036166,0.0,0.0,0.0,0.0,0.0,0.0,0.0,0.0,0.0,0.0,1.0,0.0,0.0,0.0,0.0,0.0,0.0,0.0,0.0,0.0
176,2575,DE,3.1,2.917,2.833,0.21102144042268722,0.6950820728426682,0.0,0.0,0.0,0.0,0.0,0.0,0.0,0.0,0.0,0.0,0.0,0.0,0.0,1.0,0.0,0.0,0.0,0.0,0.0,0.0
177,1866,GB,3.097,3.0,2.214,0.1726459535277616,0.01843010638860954,0.0,0.0,0.0,0.0,0.0,0.0,0.0,0.0,0.0,0.0,0.109542888,0.890457112,0.0,0.0,0.0,0.0,0.0,0.0,0.0,0.0
179,3389,DE,3.9,1.8,2.738,0.4016990291262136,0.42645631067961165,0.0,0.0,1.0,0.0,0.0,0.0,0.0,0.0,0.0,0.0,0.0,0.0,0.0,0.0,0.0,0.0,0.0,0.0,0.0,0.0
180,3785,FR,4.0,1.75,2.81,0.2760780390195098,0.2930398532599633,0.0,0.0,1.0,0.0,0.0,0.0,0.0,0.0,0.0,0.0,0.0,0.0,0.0,0.0,0.0,0.0,0.0,0.0,0.0,0.0
181,1504,GB,3.744,3.0,2.286,2.2307284754989243,0.125359481505198,0.0,0.0,1.0,0.0,0.0,0.0,0.0,0.0,0.0,0.0,0.0,0.0,0.0,0.0,0.0,0.0,0.0,0.0,0.0,0.0
182,2254,LU,2.937,2.926,2.833,0.09982046678635546,0.3201077199281867,0.0,0.0,0.0,0.0,0.0,0.0,0.0,0.0,0.0,0.0,1.0,0.0,0.0,0.0,0.0,0.0,0.0,0.0,0.0,0.0
183,1064,FR,3.742,2.617,2.833,1.775944055944056,0.2537062937062937,0.0,0.0,1.0,0.0,0.0,0.0,0.0,0.0,0.0,0.0,0.0,0.0,0.0,0.0,0.0,0.0,0.0,0.0,0.0,0.0
184,1375,GB,3.775,3.598,2.976,0.5485030722970323,0.11916590403974377,0.0,0.0,0.0,0.0,0.0,0.0,0.0,0.0,1.0,0.0,0.0,0.0,0.0,0.0,0.0,0.0,0.0,0.0,0.0,0.0
185,1264,IT,3.4,3.0,2.452,0.5693793873846427,0.2336468766264265,0.0,0.0,0.5,0.0,0.0,0.0,0.0,0.0,0.0,0.0,0.0,0.0,0.0,0.0,0.0,0.0,0.0,0.0,0.0,0.0
187,1672,SE,3.25,2.596,2.19,0.008433734939759036,0.003718875502008032,0.0,0.0,0.0,0.0,0.0,0.0,1.0,0.0,0.0,0.0,0.0,0.0,0.0,0.0,0.0,0.0,0.0,0.0,0.0,0.0
188,3311,NL,3.35,2.65,2.19,0.7151515151515152,0.03797979797979798,0.0,0.0,0.0,0.0,0.0,0.0,0.5,0.0,0.0,0.0,0.0,0.0,0.0,0.0,0.0,0.0,0.0,0.0,0.0,0.0
190,3573,GB,3.287,2.938,1.952,0.264170311523699,0.08680710523966795,0.0,0.0,0.0,0.0,0.0,0.0,0.0,0.0,0.0,0.0,0.0,0.0,0.813472823,0.0,0.0,0.0,0.0,0.186527177,0.0,0.0
192,3647,ES,4.9,3.25,2.69,0.6005343511450382,0.1487786259541985,0.0,0.0,1.0,0.0,0.0,0.0,0.0,0.0,0.0,0.0,0.0,0.0,0.0,0.0,0.0,0.0,0.0,0.0,0.0,0.0
193,3753,GB,3.699,2.974,2.667,0.16009683906362873,3.8247525332396184,0.0,0.0,0.0,0.0,0.0,0.0,0.0,0.0,0.0,0.102717763,0.0,0.0,0.0,0.897282237,0.0,0.0,0.0,0.0,0.0,0.0
195,3086,US,4.0,1.922,1.571,0.536025887279586,0.6896779663949887,0.0,0.0,0.000318575,0.0,0.0,0.0,0.0,0.0,0.0,0.0,0.0,0.0,0.0,0.0,0.0,0.0,0.0,0.0,0.0,0.0
197,1316,IT,3.441,4.75,1.643,0.30405501578723904,0.1297382158996546,0.0,0.0,0.0,0.0,0.0,0.0,0.0,0.0,0.0,0.0,0.0,0.0,0.0,0.0,0.0,0.0,0.0,1.0,0.0,0.0
198,1696,FI,3.543,1.975,1.857,0.101574993942331,0.10385267748970195,0.0,0.0,0.0,0.0,0.0,0.0,0.0,0.0,0.0,0.0,0.0,0.0,0.0,0.0,0.0,0.0,1.0,0.0,0.0,0.0
199,3042,FR,3.503,2.0,3.024,0.13753846153846155,0.11097435897435896,0.0,0.0,0.0,0.0,0.0,0.0,1.0,0.0,0.0,0.0,0.0,0.0,0.0,0.0,0.0,0.0,0.0,0.0,0.0,0.0
200,4155,DE,3.015,2.858,2.833,0.8376731301939059,0.0610803324099723,0.0,0.0,0.0,0.0,0.0,0.052075376,0.0,0.0,0.0,0.0,0.0,0.0,0.266233766,0.363381716,0.0,0.0,0.0,0.0,0.0,0.0
204,2709,US,3.0,2.9,1.429,0.10818092749836707,0.19754778064919204,0.0,0.0,0.0,0.0,0.0,0.0,0.0,0.0,0.0,1.0,0.0,0.0,0.0,0.0,0.0,0.0,0.0,0.0,0.0,0.0
205,1564,GB,3.0,3.0,2.286,0.07332185886402753,0.3924268502581756,0.0,0.0,0.0,0.0,0.0,0.0,0.0,0.0,0.0,0.0,0.0,0.0,0.0,1.0,0.0,0.0,0.0,0.0,0.0,0.0
206,1079,LU,3.25,3.0,2.881,0.3081118881118881,0.32,0.0,0.0,0.0,0.0,0.0,0.0,0.0,0.0,0.0,0.0,1.0,0.0,0.0,0.0,0.0,0.0,0.0,0.0,0.0,0.0
207,1776,NO,3.509,3.006,2.143,0.02789221000464612,0.35592380362397397,0.0,0.0,0.999736422,0.0,0.0,0.0,0.0,0.0,0.0,0.0,0.0,0.0,0.0,0.0,0.0,0.0,0.0,0.0,0.0,0.0
209,1437,SE,3.643,3.034,1.929,0.00018592964824120604,0.011552763819095478,0.0,0.0,0.0,0.0,0.0,0.0,0.0,0.0,0.0,0.0,0.569989422,0.0,0.0,0.430010578,0.0,0.0,0.0,0.0,0.0,0.0
211,1926,FR,3.084,3.0,2.69,1.2578550114095137,0.4188169211865894,0.0,0.0,1.0,0.0,0.0,0.0,0.0,0.0,0.0,0.0,0.0,0.0,0.0,0.0,0.0,0.0,0.0,0.0,0.0,0.0
212,10286,GB,3.269,3.011,2.214,0.7977358490566038,0.11264150943396226,0.0,0.0,0.0,0.0,0.0,0.0,0.0,0.0,0.0,0.0,0.0,0.0,0.0,1.0,0.0,0.0,0.0,0.0,0.0,0.0
213,3438,US,2.905,2.837,2.81,0.04785714285714286,0.1461904761904762,0.0,0.0,0.0,0.0,0.0,0.0,0.0,0.0,0.0,0.045821049,0.954178951,0.0,0.0,0.0,0.0,0.0,0.0,0.0,0.0,0.0
215,1553,GI,3.072,5.0,2.5,0.05084069535480194,0.14231974921630094,0.0,0.0,0.0,0.0,0.0,0.0,0.0,0.0,0.0,0.0,0.0,0.0,0.0,0.0,0.0,0.0,0.0,1.0,0.0,0.0
216,1054,FR,3.46,1.984,2.929,0.11,0.2008,0.0,0.0,0.0,0.0,0.0,0.0,0.0,0.0,0.0,0.0,0.0,0.0,0.0,0.0,0.0,1.0,0.0,0.0,0.0,0.0
217,2708,FR,3.0,2.25,2.548,2.0166507177033495,0.060430622009569376,0.0,0.0,0.0,0.0,0.0,0.5,0.0,0.0,0.0,0.5,0.0,0.0,0.0,0.0,0.0,0.0,0.0,0.0,0.0,0.0
219,4192,IT,3.725,2.99,3.333,0.00095333667837431,0.31979427997992976,0.0,0.0,0.0,0.0,0.0,0.0,1.0,0.0,0.0,0.0,0.0,0.0,0.0,0.0,0.0,0.0,0.0,0.0,0.0,0.0
220,3232,NL,4.05,3.08,2.881,0.21569087805820308,0.11535481104203393,0.0,0.0,0.25,0.0,0.0,0.0,0.5,0.0,0.0,0.0,0.0,0.0,0.0,0.0,0.0,0.0,0.0,0.0,0.0,0.0
223,3310,FR,3.042,2.886,2.405,2.086089731734267,0.17600302416281702,0.0,0.0,0.0,0.0,0.0,0.0,0.0,0.0,0.0,0.0,0.0,0.0,1.0,0.0,0.0,0.0,0.0,0.0,0.0,0.0
224,1799,US,4.75,2.25,1.571,2.654419642857143,0.1228125,0.0,0.0,0.0,1.0,0.0,0.0,0.0,0.0,0.0,0.0,0.0,0.0,0.0,0.0,0.0,0.0,0.0,0.0,0.0,0.0
225,10760,US,3.33,2.281,2.214,0.06873330544779604,0.10073231821368023,0.0,0.0,0.0,0.0,0.0,0.0,0.0,0.351069886,0.0,0.366318205,0.0,0.0,0.0,0.0,0.0,0.0,0.148930114,0.0,0.0,0.0
229,2616,FR,3.405,2.985,1.667,0.010909090909090908,0.05010695187165775,0.0,0.0,0.0,0.0,0.0,0.0,0.0,0.0,0.194410265,0.0,0.0,0.0,0.0,0.0,0.0,0.0,0.0,0.0,0.0,0.0
231,1203,GB,3.15,3.0,2.5,1.0407975460122698,0.17490797546012268,0.0,0.0,0.0,0.0,0.0,1.0,0.0,0.0,0.0,0.0,0.0,0.0,0.0,0.0,0.0,0.0,0.0,0.0,0.0,0.0
232,4198,ES,2.989,2.755,2.143,1.98868778280543,0.1328506787330317,0.0,0.0,0.0,0.0,0.0,0.0,0.0,0.0,0.0,0.0,0.0,0.0,1.0,0.0,0.0,0.0,0.0,0.0,0.0,0.0
233,1077,FR,3.29,3.12,2.643,0.21383546754115515,0.21767426915259877,0.0,0.0,0.0,0.0,0.0,0.0,0.0,0.0,0.0,0.0,0.0,0.0,0.5,0.0,0.0,0.0,0.0,0.0,0.0,0.0
235,3419,US,4.804,3.0,2.833,30.72854054054054,0.1656216216216216,0.0,0.0,0.0,0.4,0.0,0.0,0.382113821,0.217886179,0.0,0.0,0.0,0.0,0.0,0.0,0.0,0.0,0.0,0.0,0.0,0.0
238,3683,DK,3.3,2.0,2.286,0.11278481012658227,0.12940928270042196,0.0,0.0,1.0,0.0,0.0,0.0,0.0,0.0,0.0,0.0,0.0,0.0,0.0,0.0,0.0,0.0,0.0,0.0,0.0,0.0
239,1824,GB,3.625,3.233,2.5,3.5565774347183443,0.10083757595664312,0.0,0.0,1.0,0.0,0.0,0.0,0.0,0.0,0.0,0.0,0.0,0.0,0.0,0.0,0.0,0.0,0.0,0.0,0.0,0.0
240,1852,LU,3.098,3.0,1.571,0.061212166733677076,0.45277828096948597,0.0,0.0,0.0,0.0,0.0,0.0,0.0,0.0,0.0,0.5,0.0,0.0,0.0,0.0,0.0,0.0,0.0,0.0,0.0,0.0
242,10100,SE,3.176,2.943,2.048,0.004535180890195441,0.022816243924778042,0.0,0.0,0.0,0.0,0.0,0.0,0.215008494,0.0,0.0,0.5,0.0,0.0,0.0,0.0,0.0,0.0,0.0,0.0,0.0,0.0
245,3669,NZ,3.04,2.11,2.119,0.037046548145778166,0.665364424368209,0.0,0.0,0.0,0.425389002,0.0,0.0,0.0,0.0,0.0,0.574610998,0.0,0.0,0.0,0.0,0.0,0.0,0.0,0.0,0.0,0.0
247,4075,GB,4.358,2.907,2.071,1.2846074380165289,1.6487603305785123,0.0,0.0,0.0,0.0,0.0,0.107647086,0.0,0.725142966,0.0,0.0,0.0,0.093151562,0.0,0.0,0.0,0.0,0.0,0.0,0.0,0.0
251,1243,SE,2.961,2.9,2.2,1.4117302052785925,0.09428152492668622,0.0,0.0,0.0,0.0,0.0,0.0,0.0,0.0,0.0,0.0,0.0,0.0,0.0,1.0,0.0,0.0,0.0,0.0,0.0,0.0
252,3769,DE,4.0,1.942,2.071,0.9965384615384616,0.17846153846153845,0.0,0.0,1.0,0.0,0.0,0.0,0.0,0.0,0.0,0.0,0.0,0.0,0.0,0.0,0.0,0.0,0.0,0.0,0.0,0.0
253,3309,DE,2.7,2.5,3.119,6.649242527637505,0.44397434147672993,0.0,0.0,0.0,0.0,0.0,0.0,1.0,0.0,0.0,0.0,0.0,0.0,0.0,0.0,0.0,0.0,0.0,0.0,0.0,0.0
254,1367,IE,1.479,1.979,3.071,7.332717838726975,0.4449569086581815,0.0,0.0,0.013131,0.012144596,0.974724405,0.0,0.0,0.0,0.0,0.0,0.0,0.0,0.0,0.0,0.0,0.0,0.0,0.0,0.0,0.0
257,2037,US,3.0,1.9,2.476,0.4739874170605439,0.5627453564749083,0.0,0.0,0.0,0.0,0.0,0.0,0.0,0.0,0.0,1.0,0.0,0.0,0.0,0.0,0.0,0.0,0.0,0.0,0.0,0.0
258,2246,NL,2.25,2.0,2.857,1.287866273352999,0.5314454277286136,0.0,0.0,1.0,0.0,0.0,0.0,0.0,0.0,0.0,0.0,0.0,0.0,0.0,0.0,0.0,0.0,0.0,0.0,0.0,0.0
259,1400,IT,3.045,2.857,2.5,0.30970588235294116,0.19999999999999998,0.0,0.0,0.0,0.0,0.0,0.0,0.0,0.0,0.0,1.0,0.0,0.0,0.0,0.0,0.0,0.0,0.0,0.0,0.0,0.0
260,58,NO,4.566,3.084,2.81,35.345854580454834,0.5187780572593083,0.0,0.0,0.0,0.0,0.0,0.0,0.0,0.718942559,0.281057441,0.0,0.0,0.0,0.0,0.0,0.0,0.0,0.0,0.0,0.0,0.0
262,2645,US,3.65,2.35,2.19,0.01799837566260924,0.2193752193752194,0.0,0.0,0.333333333,0.0,0.0,0.0,0.0,0.0,0.0,0.0,0.0,0.0,0.333333333,0.0,0.0,0.0,0.0,0.0,0.0,0.0
265,1415,CN,3.944,3.079,1.571,1.0713296703296702,0.019153846153846153,0.0,0.0,0.335484407,0.0,0.0,0.0,0.0,0.0,0.0,0.0,0.0,0.0,0.0,0.0,0.0,0.0,0.0,0.0,0.0,0.0
267,1195,FR,3.859,3.449,1.595,0.7570247933884298,0.05785123966942149,0.362905898,0.0,0.362905898,0.0,0.0,0.0,0.0,0.0,0.0,0.0,0.0,0.0,0.0,0.091396068,0.0,0.0,0.0,0.0,0.0,0.0
272,10451,FR,3.79,2.017,3.119,0.7160227272727273,0.06645833333333334,0.0,0.0,1.0,0.0,0.0,0.0,0.0,0.0,0.0,0.0,0.0,0.0,0.0,0.0,0.0,0.0,0.0,0.0,0.0,0.0
273,2953,US,3.867,2.986,1.571,3.3003962017683337,0.5552068376806543,0.0,0.0,1.0,0.0,0.0,0.0,0.0,0.0,0.0,0.0,0.0,0.0,0.0,0.0,0.0,0.0,0.0,0.0,0.0,0.0
274,1142,GB,3.761,2.383,2.143,0.8858536966631496,0.5176668285683979,0.0,0.0,0.5,0.0,0.0,0.0,0.0,0.0,0.0,0.0,0.0,0.0,0.5,0.0,0.0,0.0,0.0,0.0,0.0,0.0
276,1939,US,2.984,3.0,1.929,0.0009973388248872492,0.13171750687304015,0.0,0.0,0.0,0.0,0.0,0.0,0.0,0.0,0.0,1.0,0.0,0.0,0.0,0.0,0.0,0.0,0.0,0.0,0.0,0.0
277,1224,NL,3.413,2.9,2.286,1.8855922419764488,0.2228122835372893,0.0,0.0,0.0,0.0,0.0,0.0,0.29468599,0.0,0.0,0.0,0.0,0.0,0.0,0.70531401,0.0,0.0,0.0,0.0,0.0,0.0
279,1162,GB,3.2,2.4,2.786,0.0183250266998932,0.34999110003559986,0.0,0.0,0.0,0.0,0.0,0.0,0.0,0.0,0.0,1.0,0.0,0.0,0.0,0.0,0.0,0.0,0.0,0.0,0.0,0.0
280,4205,IT,3.9,3.0,2.595,3.8792817679558014,1.1273480662983424,0.0,0.0,0.164354644,0.0,0.0,0.0,0.0,0.0,0.0,0.0,0.0,0.0,0.0,0.0,0.0,0.0,0.0,0.0,0.0,0.0
283,1225,BE,3.012,2.827,1.929,0.7219047619047619,0.12157738095238095,0.0,0.0,0.0,0.0,0.0,0.0,0.0,0.0,0.0,0.0,0.0,0.0,0.0,1.0,0.0,0.0,0.0,0.0,0.0,0.0
284,3313,IT,3.094,2.974,3.119,0.2256375232607648,0.8859082450630985,0.0,0.0,0.0,0.0,0.0,0.0,0.0,0.0,0.0,0.895069907,0.0,0.0,0.0,0.104930093,0.0,0.0,0.0,0.0,0.0,0.0
286,1349,NL,3.895,3.0,2.524,0.21961823966065747,0.43690349946977725,0.0,0.0,0.0,0.0,0.0,0.0,0.0,1.0,0.0,0.0,0.0,0.0,0.0,0.0,0.0,0.0,0.0,0.0,0.0,0.0
287,2703,US,3.101,2.9,2.095,0.05905882352941177,0.1627843137254902,0.0,0.0,0.0,0.0,0.0,0.0,0.0,0.0,0.0,0.0,1.0,0.0,0.0,0.0,0.0,0.0,0.0,0.0,0.0,0.0
288,3725,LU,3.802,3.211,2.69,2.341594827586207,0.65625,0.0,0.0,1.0,0.0,0.0,0.0,0.0,0.0,0.0,0.0,0.0,0.0,0.0,0.0,0.0,0.0,0.0,0.0,0.0,0.0
289,2380,US,3.168,2.042,2.405,7.762676814663756,0.07722702127282145,0.0,0.0,0.0,0.0,0.0,0.168258834,0.0,0.0,0.0,0.0,0.0,0.0,0.168258834,0.663482333,0.0,0.0,0.0,0.0,0.0,0.0
292,2690,GB,2.5,2.9,3.0,2.5095833333333335,0.6204166666666666,0.0,0.0,1.0,0.0,0.0,0.0,0.0,0.0,0.0,0.0,0.0,0.0,0.0,0.0,0.0,0.0,0.0,0.0,0.0,0.0
293,3518,US,3.953,3.15,3.119,0.09850505334081976,0.1574957888826502,0.0,0.0,0.333333333,0.0,0.0,0.0,0.0,0.0,0.0,0.0,0.0,0.0,0.0,0.333333333,0.0,0.0,0.0,0.0,0.0,0.0
296,1281,FR,3.407,3.1,2.19,0.07599118942731277,0.41721732745961826,0.0,0.0,0.0,0.0,0.0,0.0,1.0,0.0,0.0,0.0,0.0,0.0,0.0,0.0,0.0,0.0,0.0,0.0,0.0,0.0
297,1609,GB,3.836,2.92,2.905,1.5233632903700387,0.07295231394121598,0.0,0.0,0.0,0.0,0.0,0.0,1.0,0.0,0.0,0.0,0.0,0.0,0.0,0.0,0.0,0.0,0.0,0.0,0.0,0.0
298,1181,GB,3.387,2.882,1.857,0.596688524590164,0.15344262295081967,0.0,0.0,0.0,0.0,0.0,0.0,1.0,0.0,0.0,0.0,0.0,0.0,0.0,0.0,0.0,0.0,0.0,0.0,0.0,0.0
299,3908,DK,4.235,2.653,2.071,0.2735714285714286,0.19726890756302523,0.0,0.0,0.0,0.0,0.0,0.0,0.0,0.394880403,0.0,0.0,0.0,0.0,0.0,0.0,0.0,0.0,0.0,0.0,0.0,0.0
303,10702,LU,3.9,3.1,2.548,1.0573564872796606,0.8780137203955362,0.0,0.0,1.0,0.0,0.0,0.0,0.0,0.0,0.0,0.0,0.0,0.0,0.0,0.0,0.0,0.0,0.0,0.0,0.0,0.0
304,3991,SE,3.31,3.0,1.357,0.008548223350253806,0.048152284263959386,0.0,0.0,0.0,0.0,0.0,0.0,0.0,0.0,0.0,0.0,0.0,1.0,0.0,0.0,0.0,0.0,0.0,0.0,0.0,0.0
305,1262,IT,3.1,3.0,1.5,0.17596723646723644,0.13564387464387465,0.0,0.0,0.0,0.0,0.0,0.0,0.0,0.0,0.0,1.0,0.0,0.0,0.0,0.0,0.0,0.0,0.0,0.0,0.0,0.0
306,1190,GB,2.495,2.905,2.214,4.711508771929825,0.16989473684210527,0.0,0.0,0.31,0.0,0.0,0.0,0.0,0.0,0.0,0.0,0.0,0.0,0.0,0.69,0.0,0.0,0.0,0.0,0.0,0.0
308,3256,SE,2.579,2.711,2.643,2.5394334709660376,0.33337402938254757,0.0,0.0,0.0,0.052370166,0.0,0.947629834,0.0,0.0,0.0,0.0,0.0,0.0,0.0,0.0,0.0,0.0,0.0,0.0,0.0,0.0
310,1074,FR,3.9,3.3,2.5,1.054940593496182,0.39560281996794144,0.0,0.0,1.0,0.0,0.0,0.0,0.0,0.0,0.0,0.0,0.0,0.0,0.0,0.0,0.0,0.0,0.0,0.0,0.0,0.0
311,1557,FR,3.4,2.995,2.357,1.7316880306309306,0.21936906941901116,0.0,0.0,0.0,0.0,0.0,0.0,0.05,0.316666667,0.0,0.0,0.0,0.0,0.0,0.633333333,0.0,0.0,0.0,0.0,0.0,0.0
314,2126,ES,3.75,2.0,2.833,0.045126927639383155,0.6282348754448399,0.0,0.0,0.0,0.0,0.0,0.0,0.065718391,0.0,0.0,0.0,0.0,0.0,0.0,0.0,0.0,0.0,0.934281609,0.0,0.0,0.0
316,1208,GB,3.602,2.807,2.786,1.2165208364229572,0.16031440011864154,0.0,0.0,0.0,0.0,0.0,0.0,0.0,0.0,0.0,0.0,0.0,0.0,1.0,0.0,0.0,0.0,0.0,0.0,0.0,0.0
317,1343,FI,3.192,3.0,2.333,0.6682186234817814,1.0993927125506073,0.0,0.0,0.0,0.0,0.0,0.0,0.0,0.0,0.0,0.0,0.0,0.0,0.0,1.0,0.0,0.0,0.0,0.0,0.0,0.0
318,1213,CH,3.9,2.675,2.286,0.17117117117117117,0.12387387387387387,0.0,0.0,0.8194,0.0,0.0,0.0,0.0,0.0,0.0,0.0,0.0,0.0,0.0,0.0,0.0,0.0,0.0,0.0,0.0,0.0
320,1198,AT,3.028,2.827,3.048,1.8885455822775765,0.2982963377981872,0.0,0.0,1.0,0.0,0.0,0.0,0.0,0.0,0.0,0.0,0.0,0.0,0.0,0.0,0.0,0.0,0.0,0.0,0.0,0.0
321,66,FR,3.215,3.593,1.786,0.3659791666666667,0.12089583333333333,0.0,0.0,0.0,0.0,0.0,0.0,0.0,0.0,0.0,0.696919234,0.0,0.0,0.0,0.0,0.0,0.0,0.0,0.303080766,0.0,0.0
323,1491,US,3.229,2.8,2.786,0.05411764705882353,0.31267379679144386,0.0,0.0,0.0,0.0,0.0,0.0,1.0,0.0,0.0,0.0,0.0,0.0,0.0,0.0,0.0,0.0,0.0,0.0,0.0,0.0
324,2339,US,3.901,2.184,1.571,0.023143376378327175,0.7703076804392941,0.0,0.0,0.0,0.0,0.0,0.0,0.110049333,0.0,0.0,0.889950667,0.0,0.0,0.0,0.0,0.0,0.0,0.0,0.0,0.0,0.0
326,63,FR,3.65,1.797,2.905,0.668610702858896,0.31834155058084873,0.0,0.0,0.0,0.0,0.0,0.0,0.0,0.0,0.0,0.0,0.0,0.0,0.5,0.0,0.0,0.0,0.5,0.0,0.0,0.0
328,2209,DE,3.968,1.948,2.548,2.076345840130506,2.041435562805873,0.0,0.0,0.920982736,0.0,0.0,0.0,0.0,0.079017264,0.0,0.0,0.0,0.0,0.0,0.0,0.0,0.0,0.0,0.0,0.0,0.0
330,3665,US,3.0,3.0,3.595,0.024046511627906976,0.1480022093023256,0.0,0.0,0.0,0.0,0.0,0.0,0.0,0.0,0.0,1.0,0.0,0.0,0.0,0.0,0.0,0.0,0.0,0.0,0.0,0.0
331,10801,GB,3.469,2.942,2.929,0.33314853314853315,0.5057365057365057,0.0,0.0,0.333333333,0.0,0.0,0.0,0.0,0.0,0.0,0.333333333,0.0,0.0,0.333333333,0.0,0.0,0.0,0.0,0.0,0.0,0.0
334,1511,PT,3.504,2.799,2.548,3.0188842255048747,0.9445280044525042,0.0,0.0,1.0,0.0,0.0,0.0,0.0,0.0,0.0,0.0,0.0,0.0,0.0,0.0,0.0,0.0,0.0,0.0,0.0,0.0
335,2026,US,3.25,2.65,2.81,0.003473684210526316,0.37347368421052635,0.0,0.0,0.0,0.0,0.0,0.0,0.0,0.0,0.0,1.0,0.0,0.0,0.0,0.0,0.0,0.0,0.0,0.0,0.0,0.0
336,1204,DE,3.702,2.862,2.548,0.3302013422818792,0.49791946308724827,0.0,0.0,0.817,0.0,0.0,0.0,0.0,0.0,0.0,0.0,0.0,0.0,0.0,0.0,0.0,0.0,0.0,0.0,0.0,0.0
338,2143,US,3.159,2.768,1.667,5.84366304072856,0.27104188500596293,0.0,0.0,0.0,0.0,0.0,0.0,0.0,0.0,0.0,0.0,0.0,0.0,0.0,1.0,0.0,0.0,0.0,0.0,0.0,0.0
339,2977,US,3.633,2.049,2.381,0.055963429837927695,1.0588724200027704,0.0,0.0,0.265479983,0.0,0.0,0.0,0.0,0.0,0.0,0.0,0.0,0.0,0.234520017,0.0,0.0,0.0,0.0,0.0,0.0,0.0
343,1252,IT,3.134,3.088,2.357,16.78906167354279,0.40431609013011743,0.0,0.0,1.0,0.0,0.0,0.0,0.0,0.0,0.0,0.0,0.0,0.0,0.0,0.0,0.0,0.0,0.0,0.0,0.0,0.0
344,1239,DE,1.0,3.0,2.69,0.549504619789493,0.5574059934073812,0.0,0.0,0.0,0.0,0.0,0.0,0.0,1.0,0.0,0.0,0.0,0.0,0.0,0.0,0.0,0.0,0.0,0.0,0.0,0.0
345,2517,GB,3.75,2.0,2.071,0.9350842986581029,0.8944833123064572,0.0,0.0,0.0,0.0,0.0,0.0,0.0,0.0,0.0,0.0,0.0,0.0,0.0,0.0,0.0,0.5,0.5,0.0,0.0,0.0
347,3320,NL,3.988,1.67,2.81,1.1011720249166004,2.3160038969090424,0.0,0.0,0.977514391,0.0,0.0,0.0,0.0,0.0,0.0,0.0,0.0,0.0,0.0,0.022485609,0.0,0.0,0.0,0.0,0.0,0.0
349,2169,US,3.141,3.0,1.857,0.02919129082426128,0.12237947122861585,0.0,0.0,0.0,0.0,0.0,0.0,0.0,0.0,0.0,1.0,0.0,0.0,0.0,0.0,0.0,0.0,0.0,0.0,0.0,0.0
350,3642,US,3.75,2.87,3.31,0.10051282051282051,4.061025641025641,0.0,0.0,1.0,0.0,0.0,0.0,0.0,0.0,0.0,0.0,0.0,0.0,0.0,0.0,0.0,0.0,0.0,0.0,0.0,0.0
351,10234,FR,2.941,2.431,2.738,1.1232114467408585,1.2850556438791734,0.0,0.0,0.210721868,0.0,0.11066879,0.0,0.0,0.0,0.0,0.0,0.0,0.0,0.0,0.11066879,0.0,0.0,0.0,0.0,0.0,0.0
357,1229,DE,2.13,2.9,2.095,1.2406774193548387,0.08886021505376344,0.0,0.0,0.188333333,0.0,0.0,0.811666667,0.0,0.0,0.0,0.0,0.0,0.0,0.0,0.0,0.0,0.0,0.0,0.0,0.0,0.0
359,1272,IT,3.8,2.977,2.286,0.4539477915044847,0.35125021154171604,0.0,0.0,1.0,0.0,0.0,0.0,0.0,0.0,0.0,0.0,0.0,0.0,0.0,0.0,0.0,0.0,0.0,0.0,0.0,0.0
360,3355,US,2.947,2.236,1.905,0.01819295023178518,0.1917694393422549,0.0,0.0,0.0,0.0,0.0,0.0,0.0,0.0,0.0,0.944625407,0.0,0.0,0.0,0.0,0.0,0.0,0.0,0.0,0.0,0.0
362,1722,IT,4.0,2.471,2.81,1.4766197183098593,2.4709859154929577,0.0,0.0,0.101442741,0.0,0.0,0.0,0.0,0.0,0.0,0.0,0.0,0.0,0.0,0.0,0.0,0.0,0.0,0.0,0.0,0.0
364,1975,US,3.9,3.0,1.429,0.16172066759903753,0.8910254601733887,0.0,0.0,1.0,0.0,0.0,0.0,0.0,0.0,0.0,0.0,0.0,0.0,0.0,0.0,0.0,0.0,0.0,0.0,0.0,0.0
365,10700,FR,3.243,3.028,2.69,2.5770755718084404,1.565356952419836,0.0,0.0,0.0,0.0,0.0,0.0,0.0,0.0,0.0,0.0,0.0,0.0,1.0,0.0,0.0,0.0,0.0,0.0,0.0,0.0
366,2226,LU,3.562,2.251,3.214,4.087130840839156,0.9673771843130824,0.0,0.0,0.0,0.0,0.0,0.0,0.0,1.0,0.0,0.0,0.0,0.0,0.0,0.0,0.0,0.0,0.0,0.0,0.0,0.0
367,2581,US,3.523,2.959,1.667,1.89961407926379,0.16341606646568183,0.0,0.0,0.0,0.0,0.0,0.0,1.0,0.0,0.0,0.0,0.0,0.0,0.0,0.0,0.0,0.0,0.0,0.0,0.0,0.0
368,1248,GB,3.658,3.004,1.881,0.26988559694925196,0.4429656790847756,0.0,0.0,0.131396046,0.0,0.0,0.0,0.299710405,0.0,0.0,0.134591572,0.0,0.0,0.134591572,0.0,0.0,0.0,0.0,0.0,0.0,0.0
374,3342,BE,3.944,3.0,2.476,1.9979670240241254,0.9338791454130595,0.0,0.0,0.905864827,0.0,0.0,0.0,0.0,0.0,0.0,0.0,0.0,0.0,0.0,0.0,0.0,0.0,0.0,0.0,0.0,0.0
376,10764,US,3.939,2.124,1.619,0.6318535233414035,1.5219640329532869,0.0,0.0,0.612154381,0.0,0.0,0.0,0.0,0.0,0.0,0.0,0.0,0.0,0.387845619,0.0,0.0,0.0,0.0,0.0,0.0,0.0
378,1766,US,3.75,2.0,2.833,0.20332246815573735,1.3112381059553022,0.0,0.0,0.0,0.0,0.0,0.0,0.0,0.0,0.0,0.0,0.0,0.0,0.0,0.0,0.0,0.0,1.0,0.0,0.0,0.0
379,3916,ES,3.171,3.0,2.786,6.971850175979335,2.3654737015656093,0.0,0.0,0.957114626,0.0,0.0,0.0,0.0,0.0,0.0,0.0,0.0,0.0,0.042885374,0.0,0.0,0.0,0.0,0.0,0.0,0.0
381,3157,GB,3.645,2.925,2.643,0.5274359585320642,0.4192025459083328,0.0,0.0,0.420139896,0.0,0.0,0.0,0.5,0.0,0.0,0.0,0.0,0.0,0.0,0.0,0.0,0.0,0.0,0.0,0.0,0.0
384,3595,US,3.351,2.979,1.714,2.022071533040819,0.2814253423746842,0.0,0.0,1.0,0.0,0.0,0.0,0.0,0.0,0.0,0.0,0.0,0.0,0.0,0.0,0.0,0.0,0.0,0.0,0.0,0.0
385,10061,FI,2.972,2.901,2.238,5.6969115058409345,1.6962714034245479,0.0,0.0,0.0,0.0,0.0,0.0,0.0,0.0,0.0,0.0,0.0,1.0,0.0,0.0,0.0,0.0,0.0,0.0,0.0,0.0
386,3356,US,4.75,3.0,2.643,9.019718895104358,1.514813007042564,0.0,1.0,0.0,0.0,0.0,0.0,0.0,0.0,0.0,0.0,0.0,0.0,0.0,0.0,0.0,0.0,0.0,0.0,0.0,0.0
387,1303,LU,2.669,2.455,1.643,0.6153165117308543,2.363877822045153,0.0,0.0,0.0,0.0,0.0,0.0,0.182049676,0.0,0.0,0.817950324,0.0,0.0,0.0,0.0,0.0,0.0,0.0,0.0,0.0,0.0
389,3958,US,3.572,3.022,1.571,1.551074673166408,0.055395524041657436,1.0,0.0,0.0,0.0,0.0,0.0,0.0,0.0,0.0,0.0,0.0,0.0,0.0,0.0,0.0,0.0,0.0,0.0,0.0,0.0
390,1851,IE,3.855,3.583,3.0,3.484242210903657,0.8003534457367404,0.0,0.0,1.0,0.0,0.0,0.0,0.0,0.0,0.0,0.0,0.0,0.0,0.0,0.0,0.0,0.0,0.0,0.0,0.0,0.0
391,1378,SE,3.0,2.864,1.952,0.3180669336423204,1.5323318358303009,0.0,0.0,0.0,0.0,0.0,0.0,0.0,0.0,0.0,1.0,0.0,0.0,0.0,0.0,0.0,0.0,0.0,0.0,0.0,0.0
392,2957,US,3.0,2.65,3.048,0.07343926980383167,2.2206636345444335,0.0,0.0,0.0,0.0,0.0,0.0,0.0,0.0,0.0,0.821983599,0.0,0.0,0.0,0.0,0.0,0.0,0.0,0.0,0.0,0.0
394,2426,US,3.6,2.0,2.69,0.06675999227650126,0.5535335006758062,0.0,0.0,1.0,0.0,0.0,0.0,0.0,0.0,0.0,0.0,0.0,0.0,0.0,0.0,0.0,0.0,0.0,0.0,0.0,0.0
395,1490,DE,3.5,1.9,1.429,0.7548863636363636,0.4366287878787879,0.0,0.0,0.0,0.0,0.0,0.0,0.0,0.0,0.0,0.0,0.0,0.0,0.0,0.0,0.0,0.0,1.0,0.0,0.0,0.0
396,3236,US,2.9,3.0,2.214,0.011102362204724409,0.30401574803149606,0.0,0.0,0.0,0.0,0.0,0.0,0.0,0.0,0.0,1.0,0.0,0.0,0.0,0.0,0.0,0.0,0.0,0.0,0.0,0.0
397,1589,IT,3.9,3.0,2.881,2.1475366138659164,3.279992376004614,0.0,0.0,1.0,0.0,0.0,0.0,0.0,0.0,0.0,0.0,0.0,0.0,0.0,0.0,0.0,0.0,0.0,0.0,0.0,0.0
398,3295,FR,3.053,2.742,1.243,0.37572538860103627,0.06333678756476684,0.0,0.0,0.0,1.0,0.0,0.0,0.0,0.0,0.0,0.0,0.0,0.0,0.0,0.0,0.0,0.0,0.0,0.0,0.0,0.0
399,2435,US,2.543,1.938,1.571,0.38064899907972505,0.4590179106549626,0.0,0.0,0.0,0.0,0.0,0.0,0.0,0.0,0.0,1.0,0.0,0.0,0.0,0.0,0.0,0.0,0.0,0.0,0.0,0.0
400,3308,DE,3.14,2.624,3.024,0.18275862068965518,0.4308965517241379,0.0,0.0,0.0,0.0,0.0,0.0,0.0,0.0,0.0,0.911359215,0.0,0.0,0.0,0.0,0.0,0.0,0.0,0.0,0.0,0.0
402,2920,GB,3.75,1.9,2.667,0.5859744990892533,2.3420765027322403,0.0,0.0,0.0,0.0,0.0,0.0,0.0,0.0,0.0,0.0,0.0,0.0,0.0,0.0,0.0,0.0,0.0,1.0,0.0,0.0
403,2014,US,3.652,2.502,1.571,0.01981458758305828,0.026891969428041805,0.0,0.0,0.983361207,0.0,0.0,0.0,0.0,0.0,0.0,0.012309052,0.0,0.0,0.0,0.0,0.0,0.0,0.0,0.0,0.004329741,0.0
406,1958,US,3.088,2.765,2.286,1.0863476709925364,0.26261078673053884,0.0,0.0,0.0,0.0,0.0,0.123502229,0.0,0.0,0.0,0.876497771,0.0,0.0,0.0,0.0,0.0,0.0,0.0,0.0,0.0,0.0
408,1594,NL,3.484,1.765,2.571,0.19638273045507582,1.5800466744457409,0.0,0.0,0.0,0.0,0.0,0.0,0.0,0.0,0.0,0.0,0.0,0.0,0.0,0.0,0.0,0.0,1.0,0.0,0.0,0.0
409,2465,US,3.577,3.0,1.857,0.09989985636653155,0.33278012183004446,0.0,0.0,1.0,0.0,0.0,0.0,0.0,0.0,0.0,0.0,0.0,0.0,0.0,0.0,0.0,0.0,0.0,0.0,0.0,0.0
410,3053,US,3.758,2.995,1.857,1.5775365014414582,0.3212126848321399,0.0,0.0,0.0,0.0,0.0,0.0,0.48230043,0.0,0.0,0.0,0.0,0.0,0.0,0.0,0.0,0.0,0.0,0.0,0.0,0.0
412,1337,FR,4.019,3.019,2.0,0.5779011984799767,0.6102225748528,0.0,0.0,0.538689606,0.0,0.0,0.0,0.0,0.0,0.0,0.0,0.0,0.0,0.0,0.0,0.0,0.0,0.0,0.0,0.0,0.0
414,1301,IE,3.348,2.9,2.071,0.20292503681813542,0.4469818849913241,0.0,0.0,1.0,0.0,0.0,0.0,0.0,0.0,0.0,0.0,0.0,0.0,0.0,0.0,0.0,0.0,0.0,0.0,0.0,0.0
415,1457,IT,2.437,2.263,2.714,32.22984562607204,2.555746140651801,0.0,0.0,0.0,0.0,0.883,0.0,0.0,0.0,0.0,0.0,0.0,0.0,0.0,0.0,0.0,0.0,0.0,0.0,0.0,0.0
417,1129,GB,3.714,1.988,3.405,1.0620599563918585,1.432537052512271,0.0,0.0,0.0,0.0,0.0,0.0,0.0,0.0,0.0,0.0,0.0,0.0,0.0,0.0,0.0,1.0,0.0,0.0,0.0,0.0
418,1131,GB,3.071,5.0,2.4,0.1461764705882353,0.2926078431372549,0.0,0.0,0.0,0.0,0.0,0.0,0.0,0.0,0.0,0.0,0.0,0.0,0.0,0.0,0.0,0.0,0.0,1.0,0.0,0.0
419,1860,ES,3.0,3.0,2.714,0.27250313099488754,0.8016306624347422,0.0,0.0,0.0,0.0,0.0,0.0,0.0,0.0,0.0,0.5,0.0,0.0,0.5,0.0,0.0,0.0,0.0,0.0,0.0,0.0
421,3591,US,2.95,2.783,2.333,0.006847230675593427,0.5930462568472307,0.0,0.0,0.0,0.0,0.0,0.0,0.0,0.0,0.0,1.0,0.0,0.0,0.0,0.0,0.0,0.0,0.0,0.0,0.0,0.0
422,1827,US,3.144,4.75,2.69,0.7307438016528925,1.3064462809917357,0.0,0.0,0.0,0.0,0.0,0.0,0.0,0.0,0.0,0.0,0.0,0.0,0.0,0.0,0.0,0.0,0.0,1.0,0.0,0.0
423,1483,NL,3.313,2.983,2.048,0.05455072463768117,0.11521014492753624,0.0,0.0,0.0,0.0,0.0,0.0,1.0,0.0,0.0,0.0,0.0,0.0,0.0,0.0,0.0,0.0,0.0,0.0,0.0,0.0
424,1744,FR,1.079,2.011,1.857,2.886767955801105,0.43922651933701656,0.0,0.0,0.0,0.0,0.97465,0.0,0.0,0.0,0.0,0.0,0.0,0.0,0.0,0.02535,0.0,0.0,0.0,0.0,0.0,0.0
426,2509,US,3.1,3.0,2.905,0.1350296502480939,0.4872322401064989,0.0,0.0,0.0,0.0,0.0,0.0,0.0,0.0,0.0,0.316666667,0.0,0.0,0.341666667,0.0,0.0,0.0,0.0,0.0,0.0,0.0
429,2174,DE,2.389,2.509,2.833,0.7036633663366337,1.5999999999999999,0.0,0.0,0.955675402,0.0,0.0,0.0,0.0,0.0,0.0,0.0,0.0,0.0,0.0,0.0,0.0,0.0,0.0,0.0,0.0,0.0
431,3990,ES,2.293,2.078,1.929,0.11439857704709706,0.37969760642800554,0.0,0.0,0.0,0.0,0.0,0.0,0.0,0.0,0.0,0.065973103,0.0,0.0,0.0,0.0,0.0,0.0,0.0,0.0,0.0,0.0
433,3377,US,3.0,2.9,1.714,0.12283261802575107,0.7156652360515022,0.0,0.0,0.0,0.0,0.0,0.0,0.0,0.0,0.0,1.0,0.0,0.0,0.0,0.0,0.0,0.0,0.0,0.0,0.0,0.0
434,1647,US,4.545,2.953,1.738,0.44599999999999995,0.05770344827586207,0.0,0.0,1.0,0.0,0.0,0.0,0.0,0.0,0.0,0.0,0.0,0.0,0.0,0.0,0.0,0.0,0.0,0.0,0.0,0.0
435,1211,NL,3.557,2.75,2.0,1.6233766233766234,0.551948051948052,0.0,0.0,1.0,0.0,0.0,0.0,0.0,0.0,0.0,0.0,0.0,0.0,0.0,0.0,0.0,0.0,0.0,0.0,0.0,0.0
436,3036,US,4.5,3.235,2.786,0.3981291925465838,1.0786658385093169,0.0,0.0,0.183685446,0.0,0.0,0.0,0.0,0.0,0.0,0.0,0.0,0.0,0.183685446,0.0,0.0,0.0,0.0,0.0,0.0,0.0
439,2633,US,3.816,2.963,1.571,2.0497870280550012,0.27867639582791126,0.0,0.0,0.0,0.0,0.0,0.0,0.843080826,0.0,0.0,0.0,0.0,0.0,0.156919174,0.0,0.0,0.0,0.0,0.0,0.0,0.0
441,3937,US,3.0,2.9,2.738,0.2262215450527237,1.0582147867670353,0.0,0.0,0.0,0.0,0.0,0.0,0.0,0.0,0.0,1.0,0.0,0.0,0.0,0.0,0.0,0.0,0.0,0.0,0.0,0.0
442,3003,US,3.25,3.355,3.119,0.02851411589895988,0.2735215453194651,0.0,0.0,0.0,0.0,0.0,0.0,0.0,0.0,0.0,0.0,0.0,0.0,0.0,0.0,1.0,0.0,0.0,0.0,0.0,0.0
443,3350,FR,3.888,1.249,2.167,2.4672225243187724,1.1629508791009606,0.0,0.0,0.0,0.0,0.0,0.0,0.0,0.0,0.0,0.0,0.0,0.0,0.0,0.0,0.0,0.0,0.91,0.0,0.0,0.0
445,10704,FR,1.662,2.528,1.643,0.19414875137580775,1.9410847155187083,0.0,0.0,0.0,0.0,0.0,0.0,0.0,0.0,0.0,0.5,0.0,0.0,0.0,0.0,0.0,0.0,0.0,0.0,0.0,0.0
447,1157,DK,3.65,2.9,2.69,0.9560925449871466,0.24934447300771206,0.0,0.0,0.0,0.0,0.0,0.0,1.0,0.0,0.0,0.0,0.0,0.0,0.0,0.0,0.0,0.0,0.0,0.0,0.0,0.0
448,3671,ES,3.537,4.554,3.095,0.5328159552718321,0.8263445570993448,0.0,0.0,0.225551007,0.0,0.0,0.0,0.0,0.0,0.0,0.078319481,0.0,0.0,0.0,0.0,0.0,0.0,0.0,0.696129512,0.0,0.0
451,10184,IT,3.9,3.85,2.143,5.073814069780657,2.251108080463689,0.0,0.0,1.0,0.0,0.0,0.0,0.0,0.0,0.0,0.0,0.0,0.0,0.0,0.0,0.0,0.0,0.0,0.0,0.0,0.0
452,2693,US,3.9,3.55,1.429,4.993965007688318,1.4060361276423936,0.0,0.0,1.0,0.0,0.0,0.0,0.0,0.0,0.0,0.0,0.0,0.0,0.0,0.0,0.0,0.0,0.0,0.0,0.0,0.0
453,3689,US,3.15,2.9,2.429,0.13196787148594377,0.818273092369478,0.0,0.0,0.0,0.0,0.0,0.0,0.0,0.0,0.0,0.262248996,0.0,0.0,0.0,0.0,0.0,0.0,0.0,0.0,0.0,0.0
455,1456,FR,3.871,2.954,1.286,0.2777777777777778,1.9444444444444446,0.0,0.5,0.201333333,0.0,0.0,0.0,0.0,0.0,0.0,0.298666667,0.0,0.0,0.0,0.0,0.0,0.0,0.0,0.0,0.0,0.0
458,1171,ES,4.823,3.894,2.214,1.0374026449246025,2.2204370213736913,0.0,0.0,0.1061,0.0,0.0,0.0,0.0,0.0,0.0,0.0,0.0,0.0,0.032633333,0.0,0.0,0.0,0.0,0.0,0.0,0.0
461,1710,FR,3.548,2.878,2.786,2.1945394736842103,1.423421052631579,0.0,0.0,0.333333333,0.0,0.0,0.333333333,0.0,0.0,0.0,0.0,0.0,0.0,0.0,0.0,0.0,0.0,0.0,0.0,0.0,0.0
464,10213,US,3.086,4.124,2.0,0.052379999979111816,0.2868293978249132,0.0,0.0,0.0,0.0,0.0,0.0,0.0,0.0,0.0,0.0,0.0,0.0,0.0,0.0,1.0,0.0,0.0,0.0,0.0,0.0
465,37,ES,4.05,3.8,3.333,0.8069626806132822,1.7436395134312752,0.0,0.0,0.0,0.0,0.0,0.0,0.0,0.0,1.0,0.0,0.0,0.0,0.0,0.0,0.0,0.0,0.0,0.0,0.0,0.0
466,1798,US,3.216,2.639,2.0,0.18057142857142858,0.14239751552795032,0.0,0.0,0.0,0.0,0.13,0.0,0.0,0.0,0.0,0.0,0.0,0.0,0.87,0.0,0.0,0.0,0.0,0.0,0.0,0.0
468,1267,US,3.621,3.417,2.571,0.23273776342331054,0.1442758049963507,0.0,0.0,0.0,0.0,0.0,0.0,0.333333333,0.0,0.333333333,0.0,0.0,0.0,0.0,0.333333333,0.0,0.0,0.0,0.0,0.0,0.0
471,1419,GB,3.233,4.75,2.429,0.6762180974477958,0.6062412993039443,0.0,0.0,0.0,0.0,0.0,0.0,0.0,0.0,0.0,0.0,0.0,0.0,0.0,0.0,0.0,0.0,0.0,1.0,0.0,0.0
472,3536,US,3.621,2.743,2.286,3.179397032938823,1.549148066414097,1.0,0.0,0.0,0.0,0.0,0.0,0.0,0.0,0.0,0.0,0.0,0.0,0.0,0.0,0.0,0.0,0.0,0.0,0.0,0.0
473,1380,NL,3.294,2.956,2.738,0.358800350262697,5.975481611208407,0.0,0.0,1.0,0.0,0.0,0.0,0.0,0.0,0.0,0.0,0.0,0.0,0.0,0.0,0.0,0.0,0.0,0.0,0.0,0.0
474,1328,US,3.9,1.738,1.952,0.30511182108626195,0.4472843450479233,0.0,0.0,1.0,0.0,0.0,0.0,0.0,0.0,0.0,0.0,0.0,0.0,0.0,0.0,0.0,0.0,0.0,0.0,0.0,0.0
475,3858,US,1.1,3.0,1.5,1.4509464970795718,1.8500055605524652,0.0,0.0,0.0,0.0,0.0,0.0,1.0,0.0,0.0,0.0,0.0,0.0,0.0,0.0,0.0,0.0,0.0,0.0,0.0,0.0
476,1575,US,3.834,2.362,1.643,0.3745407050177977,0.4152744287518659,0.0,0.0,0.773468365,0.0,0.0,0.0,0.0,0.0,0.0,0.0,0.0,0.0,0.0,0.0,0.0,0.0,0.0,0.0,0.0,0.0
478,2865,US,3.9,3.0,3.31,0.09520211560256894,10.967132602946732,0.0,0.0,1.0,0.0,0.0,0.0,0.0,0.0,0.0,0.0,0.0,0.0,0.0,0.0,0.0,0.0,0.0,0.0,0.0,0.0
479,1747,US,4.0,1.8,2.667,0.75201814664087,0.9903929548335446,0.0,0.0,1.0,0.0,0.0,0.0,0.0,0.0,0.0,0.0,0.0,0.0,0.0,0.0,0.0,0.0,0.0,0.0,0.0,0.0
480,90,IT,3.957,2.585,2.5,6.784465170504227,4.332410375983678,0.0,0.0,1.0,0.0,0.0,0.0,0.0,0.0,0.0,0.0,0.0,0.0,0.0,0.0,0.0,0.0,0.0,0.0,0.0,0.0
481,2775,DE,3.9,2.014,2.029,1.008231294193008,0.7355096208332306,0.0,0.0,1.0,0.0,0.0,0.0,0.0,0.0,0.0,0.0,0.0,0.0,0.0,0.0,0.0,0.0,0.0,0.0,0.0,0.0
482,4131,DE,3.65,2.8,1.167,0.09464285714285714,0.13348214285714285,0.0,0.0,0.0,0.0,0.0,0.0,1.0,0.0,0.0,0.0,0.0,0.0,0.0,0.0,0.0,0.0,0.0,0.0,0.0,0.0
483,1182,FR,3.103,2.47,2.262,1.1729752066115704,2.508512396694215,0.0,0.0,0.11,0.0,0.0,0.0,0.0,0.0,0.0,0.0,0.0,0.0,0.0,0.0,0.0,0.0,0.0,0.0,0.0,0.0
486,29,GB,2.381,1.955,2.024,0.2277163305139883,0.2781804686282955,0.0,0.0,0.0,0.0,0.0,0.0,0.0,0.0,0.0,0.75,0.0,0.0,0.0,0.0,0.0,0.0,0.0,0.0,0.0,0.0
488,1318,ES,2.107,2.127,3.5,7.968148847315632,1.2176279682759152,0.0,0.0,0.0,0.0,1.0,0.0,0.0,0.0,0.0,0.0,0.0,0.0,0.0,0.0,0.0,0.0,0.0,0.0,0.0,0.0
489,1615,FR,2.899,2.841,3.138,0.0673758865248227,1.0957446808510638,0.0,0.0,0.0,0.0,0.0,0.0,0.0,0.0,0.0,0.0,0.0,0.0,0.0,0.648792614,0.351207386,0.0,0.0,0.0,0.0,0.0
491,2051,NL,3.7,3.0,3.31,11.162166107137644,4.572033279813166,0.0,0.0,0.5,0.0,0.0,0.0,0.0,0.0,0.0,0.0,0.0,0.0,0.0,0.0,0.0,0.0,0.0,0.0,0.0,0.0
493,2269,GB,3.65,2.0,3.262,0.8973831602629646,3.111635805570167,0.0,0.0,0.0,0.0,0.0,0.0,0.0,0.0,0.0,0.0,0.0,0.0,0.0,0.0,0.0,1.0,0.0,0.0,0.0,0.0
494,2030,CA,4.595,3.029,2.2,0.4124806825293434,0.42641480516494884,0.0,0.0,0.848627661,0.0,0.0,0.0,0.0,0.0,0.0,0.0,0.0,0.0,0.0,0.0,0.0,0.0,0.0,0.0,0.0,0.0
496,2684,US,3.722,2.506,2.429,3.7364384230068386,3.211415740959584,0.0,0.0,0.419695982,0.0,0.0,0.0,0.0,0.0,0.0,0.0,0.0,0.0,0.078766149,0.0,0.0,0.0,0.290152009,0.0,0.0,0.0
500,2066,US,3.939,2.977,2.19,0.5318763963623777,0.5310425123509236,0.0,0.0,0.19053463,0.0,0.0,0.0,0.148108814,0.0,0.0,0.0,0.0,0.0,0.0,0.029264609,0.0,0.0,0.0,0.0,0.0,0.0
507,3981,SE,3.05,3.0,1.929,0.009542635658914729,0.2619457364341085,0.0,0.0,0.0,0.0,0.0,0.0,0.0,0.0,0.0,0.0,0.0,1.0,0.0,0.0,0.0,0.0,0.0,0.0,0.0,0.0
508,1484,US,4.056,2.57,2.786,37.51195315895784,8.690905371890262,0.0,0.0,1.0,0.0,0.0,0.0,0.0,0.0,0.0,0.0,0.0,0.0,0.0,0.0,0.0,0.0,0.0,0.0,0.0,0.0
509,1246,IT,2.863,3.917,2.5,4.3469363187673045,4.15083664379439,0.0,0.0,1.0,0.0,0.0,0.0,0.0,0.0,0.0,0.0,0.0,0.0,0.0,0.0,0.0,0.0,0.0,0.0,0.0,0.0
510,1179,ES,3.52,2.88,3.214,5.005800475059382,8.239377672209026,0.0,0.0,1.0,0.0,0.0,0.0,0.0,0.0,0.0,0.0,0.0,0.0,0.0,0.0,0.0,0.0,0.0,0.0,0.0,0.0
511,1245,DE,4.0,2.72,2.476,4.662423500611995,4.360954712362301,0.0,0.0,1.0,0.0,0.0,0.0,0.0,0.0,0.0,0.0,0.0,0.0,0.0,0.0,0.0,0.0,0.0,0.0,0.0,0.0
512,3346,GB,3.8,3.0,2.5,6.199101852900109,4.483313835742229,0.0,0.0,1.0,0.0,0.0,0.0,0.0,0.0,0.0,0.0,0.0,0.0,0.0,0.0,0.0,0.0,0.0,0.0,0.0,0.0
513,1650,FR,4.0,2.332,2.548,1.1147457627118644,2.0347457627118644,0.0,0.0,0.5,0.0,0.0,0.0,0.0,0.0,0.0,0.0,0.0,0.0,0.5,0.0,0.0,0.0,0.0,0.0,0.0,0.0
515,3343,US,3.875,2.375,2.643,2.4869275115895424,3.5001202014963932,0.0,0.0,1.0,0.0,0.0,0.0,0.0,0.0,0.0,0.0,0.0,0.0,0.0,0.0,0.0,0.0,0.0,0.0,0.0,0.0
516,4030,US,3.039,2.816,1.571,0.5335416666666667,1.1575297619047618,0.0,0.0,0.0,0.0,0.0,0.0,0.0,0.0,0.0,1.0,0.0,0.0,0.0,0.0,0.0,0.0,0.0,0.0,0.0,0.0
517,1869,US,4.612,3.0,1.714,0.5147953762308571,0.39552311326991796,0.0,0.0,1.0,0.0,0.0,0.0,0.0,0.0,0.0,0.0,0.0,0.0,0.0,0.0,0.0,0.0,0.0,0.0,0.0,0.0
518,2121,LU,3.875,3.0,2.929,1.1614285714285715,15.137142857142855,0.0,0.0,0.5,0.0,0.0,0.0,0.0,0.0,0.0,0.0,0.0,0.0,0.0,0.0,0.0,0.0,0.0,0.0,0.0,0.0
520,10765,US,3.75,5.0,3.19,18.656353598945913,7.475506170577812,0.0,0.0,1.0,0.0,0.0,0.0,0.0,0.0,0.0,0.0,0.0,0.0,0.0,0.0,0.0,0.0,0.0,0.0,0.0,0.0
521,2756,US,4.125,2.077,2.286,0.14358746906951772,1.0399878612446893,0.0,0.0,0.0,0.0,0.0,0.0,0.0,0.0,0.0,1.0,0.0,0.0,0.0,0.0,0.0,0.0,0.0,0.0,0.0,0.0
522,4134,LU,3.85,3.25,1.643,1.0678815080789945,0.8016517055655296,0.0,0.0,0.0,0.0,0.0,0.0,1.0,0.0,0.0,0.0,0.0,0.0,0.0,0.0,0.0,0.0,0.0,0.0,0.0,0.0
523,1238,CA,3.418,3.652,3.643,1.0599175257731959,0.24567525773195878,0.0,0.0,0.0,0.0,0.0,0.0,0.0,0.0,0.0,0.0,0.0,0.0,0.0,0.904671676,0.0,0.0,0.0,0.0,0.0,0.0
526,2785,US,3.138,2.9,2.214,0.085586863647023,0.852679494527935,0.0,0.0,0.0,0.0,0.0,0.0,0.0,0.0,0.0,1.0,0.0,0.0,0.0,0.0,0.0,0.0,0.0,0.0,0.0,0.0
527,3005,US,4.0,2.159,2.643,1.2355644281026612,4.193042406587867,0.0,0.0,1.0,0.0,0.0,0.0,0.0,0.0,0.0,0.0,0.0,0.0,0.0,0.0,0.0,0.0,0.0,0.0,0.0,0.0
528,3976,CH,4.765,2.286,3.333,4.2579259259259254,1.8378148148148148,0.0,0.0,0.0,0.0,0.0,0.0,0.0,1.0,0.0,0.0,0.0,0.0,0.0,0.0,0.0,0.0,0.0,0.0,0.0,0.0
529,3576,LU,3.01,2.94,2.69,0.04331550802139038,1.341283422459893,0.0,0.0,0.0,0.0,0.0,0.0,0.0,0.0,0.0,0.333333333,0.0,0.0,0.333333333,0.0,0.0,0.0,0.0,0.0,0.0,0.0
532,2627,US,3.838,3.0,2.143,7.875314685314685,3.5992307692307692,0.0,0.0,1.0,0.0,0.0,0.0,0.0,0.0,0.0,0.0,0.0,0.0,0.0,0.0,0.0,0.0,0.0,0.0,0.0,0.0
533,1658,FR,2.507,1.935,2.929,0.23401874927664826,0.4999903553103661,0.0,0.0,0.0,0.0,0.0,0.0,0.0,0.0,0.0,1.0,0.0,0.0,0.0,0.0,0.0,0.0,0.0,0.0,0.0,0.0
534,4049,US,3.45,2.975,2.143,1.8817839418436924,0.8443539571073327,0.0,0.0,0.0,0.0,0.0,0.0,0.0,0.220137404,0.0,0.559725193,0.0,0.220137404,0.0,0.0,0.0,0.0,0.0,0.0,0.0,0.0
537,2897,US,4.036,3.046,1.643,0.47698483282455595,1.2863014686440881,0.0,0.0,0.329960098,0.0,0.0,0.0,0.0,0.0,0.0,0.0,0.0,0.0,0.0,0.0,0.0,0.0,0.0,0.0,0.0,0.0
539,3601,LU,3.5,2.9,3.024,19.823540229885058,5.0217011494252874,0.0,0.0,1.0,0.0,0.0,0.0,0.0,0.0,0.0,0.0,0.0,0.0,0.0,0.0,0.0,0.0,0.0,0.0,0.0,0.0
540,2925,US,3.516,2.814,2.571,0.006492207792207793,0.035484415584415584,0.0,0.0,0.0,0.0,0.0,0.0,0.0,0.0,0.0,0.0,0.960168573,0.0,0.0,0.0,0.0,0.0,0.039831427,0.0,0.0,0.0
542,1312,LU,3.818,2.935,2.929,0.69296,4.42624,0.0,0.0,0.333333333,0.0,0.0,0.0,0.0,0.0,0.0,0.0,0.0,0.0,0.0,0.0,0.0,0.0,0.0,0.0,0.0,0.0
544,1055,LU,3.8,2.8,2.333,3.708000938526513,3.3276630689816984,0.0,0.0,1.0,0.0,0.0,0.0,0.0,0.0,0.0,0.0,0.0,0.0,0.0,0.0,0.0,0.0,0.0,0.0,0.0,0.0
545,1132,GB,3.913,3.0,2.333,15.533446915351506,5.138181492109039,0.0,0.0,1.0,0.0,0.0,0.0,0.0,0.0,0.0,0.0,0.0,0.0,0.0,0.0,0.0,0.0,0.0,0.0,0.0,0.0
546,2289,PR,2.631,1.973,2.071,0.5973819912733043,4.569694565648552,0.0,0.0,0.0,0.0,0.0,0.0,0.212894286,0.0,0.0,0.787105714,0.0,0.0,0.0,0.0,0.0,0.0,0.0,0.0,0.0,0.0
548,1835,US,1.955,3.993,2.833,1.3839767441860464,1.3690697674418604,0.0,0.0,0.374060764,0.0,0.0,0.076118915,0.0,0.0,0.0,0.0,0.0,0.0,0.0,0.0,0.0,0.0,0.0,0.0,0.0,0.0
551,1639,ES,3.595,4.9,2.976,0.3466861677636034,4.146066549576747,0.0,0.0,0.0,0.0,0.0,0.0,0.0,0.0,0.0,0.0,0.0,0.0,0.0,0.0,0.0,0.0,0.0,1.0,0.0,0.0
552,2165,US,3.619,3.0,2.929,1.5204578313253012,0.72744578313253,0.0,0.0,0.131,0.0,0.0,0.0,0.0,0.0,0.0,0.0,0.0,0.0,0.0,0.0,0.0,0.0,0.0,0.0,0.0,0.0
556,3606,FR,3.65,2.575,3.31,31.391609977324265,13.899092970521542,0.0,0.0,0.95455,0.0,0.0,0.0,0.0,0.0,0.0,0.0,0.0,0.0,0.0,0.0,0.0,0.0,0.0,0.0,0.0,0.0
558,2377,JP,3.5,2.926,1.357,0.23186015012289554,8.637721618855569,0.0,0.0,1.0,0.0,0.0,0.0,0.0,0.0,0.0,0.0,0.0,0.0,0.0,0.0,0.0,0.0,0.0,0.0,0.0,0.0
559,4225,GB,4.043,2.83,2.357,13.866850649754754,2.1098401910428,0.0,0.0,1.0,0.0,0.0,0.0,0.0,0.0,0.0,0.0,0.0,0.0,0.0,0.0,0.0,0.0,0.0,0.0,0.0,0.0
560,3468,US,3.952,2.9,1.429,15.774348033353254,4.784954319460824,0.0,0.0,1.0,0.0,0.0,0.0,0.0,0.0,0.0,0.0,0.0,0.0,0.0,0.0,0.0,0.0,0.0,0.0,0.0,0.0
561,2805,US,3.94,2.981,2.833,4.347691575440266,7.75880533079486,0.0,0.0,0.8059,0.0,0.0,0.0,0.0,0.0,0.0,0.0,0.0,0.0,0.0,0.0,0.0,0.0,0.0,0.0,0.0,0.0
563,3337,US,3.8,3.25,2.0,0.7010705003776264,1.1723184665440025,0.0,0.0,1.0,0.0,0.0,0.0,0.0,0.0,0.0,0.0,0.0,0.0,0.0,0.0,0.0,0.0,0.0,0.0,0.0,0.0
564,1768,CA,3.999,3.9,1.643,0.2898741573033708,0.14857078651685393,0.0,0.0,0.0,0.0,0.0,0.0,0.0,0.0,1.0,0.0,0.0,0.0,0.0,0.0,0.0,0.0,0.0,0.0,0.0,0.0
565,2215,US,3.806,1.992,1.857,1.0755114822546972,1.4088517745302713,0.0,0.0,0.571696932,0.0,0.0,0.0,0.0,0.0,0.0,0.0,0.0,0.0,0.0,0.0,0.0,0.0,0.0,0.0,0.0,0.0
567,2889,NL,3.9,3.5,2.333,4.229658411025585,7.88986561371915,0.0,0.0,0.0,0.0,0.0,0.0,0.0,0.0,1.0,0.0,0.0,0.0,0.0,0.0,0.0,0.0,0.0,0.0,0.0,0.0
568,3345,US,3.44,2.96,2.833,0.8179636127932667,11.318234238324854,0.0,0.0,0.98,0.0,0.02,0.0,0.0,0.0,0.0,0.0,0.0,0.0,0.0,0.0,0.0,0.0,0.0,0.0,0.0,0.0
570,1406,NL,3.65,2.803,2.143,4.339693877551021,2.362925170068027,0.0,0.0,1.0,0.0,0.0,0.0,0.0,0.0,0.0,0.0,0.0,0.0,0.0,0.0,0.0,0.0,0.0,0.0,0.0,0.0
571,1954,US,4.888,2.905,2.357,1.048926475901236,1.1169292289974726,0.0,0.0,1.0,0.0,0.0,0.0,0.0,0.0,0.0,0.0,0.0,0.0,0.0,0.0,0.0,0.0,0.0,0.0,0.0,0.0
572,1973,US,4.25,3.0,3.024,3.659322916666667,3.6805208333333335,0.0,0.0,0.333333333,0.0,0.0,0.0,0.0,0.0,0.333333333,0.0,0.0,0.0,0.0,0.0,0.0,0.0,0.0,0.333333333,0.0,0.0
575,3564,US,3.213,2.893,3.024,0.43023813717332815,8.810285873928809,0.0,0.0,0.5,0.0,0.0,0.0,0.0,0.0,0.0,0.0,0.0,0.0,0.0,0.0,0.0,0.0,0.0,0.0,0.0,0.0
577,2216,US,3.79,2.89,1.857,1.062237495227186,2.322005854651903,0.0,0.0,1.0,0.0,0.0,0.0,0.0,0.0,0.0,0.0,0.0,0.0,0.0,0.0,0.0,0.0,0.0,0.0,0.0,0.0
578,1493,US,3.962,2.802,1.857,1.0527335640138409,2.533217993079585,0.0,0.0,0.072451218,0.0,0.0,0.0,0.0,0.0,0.0,0.0,0.0,0.0,0.0,0.0,0.0,0.0,0.0,0.0,0.0,0.0
581,10039,GB,4.0,3.0,2.857,1.1494174757281552,3.5751941747572817,0.0,0.0,0.0,0.0,0.0,0.0,0.0,0.0,0.0,0.0,0.0,0.0,0.0,0.0,0.0,0.0,0.0,1.0,0.0,0.0
582,1063,PT,2.54,2.203,3.69,0.6195504219655427,1.4546532882199665,0.0,0.0,0.0,0.0,0.0,0.0,0.0,0.0,0.0,1.0,0.0,0.0,0.0,0.0,0.0,0.0,0.0,0.0,0.0,0.0
583,10695,US,3.9,3.0,2.143,0.17675749337939836,0.8378309645814953,0.0,0.0,0.0,0.0,0.0,0.0,1.0,0.0,0.0,0.0,0.0,0.0,0.0,0.0,0.0,0.0,0.0,0.0,0.0,0.0
584,2876,US,3.75,2.181,2.0,1.4758999914081965,1.6692800068734428,0.0,0.0,1.0,0.0,0.0,0.0,0.0,0.0,0.0,0.0,0.0,0.0,0.0,0.0,0.0,0.0,0.0,0.0,0.0,0.0
585,2041,US,2.86,2.093,2.143,0.906769596199525,1.8957007125890737,0.0,0.0,0.164,0.0,0.0,0.164,0.0,0.0,0.0,0.672,0.0,0.0,0.0,0.0,0.0,0.0,0.0,0.0,0.0,0.0
588,3395,US,4.798,3.703,2.214,0.004589812332439679,0.21995174262734585,0.0,0.0,0.0,0.0,0.0,0.0,0.0,0.42498413,0.0,0.411340003,0.0,0.0,0.0,0.0,0.0,0.0,0.0,0.0,0.0,0.0
591,2739,US,3.74,3.406,1.643,1.4709097623710736,1.2127143937243414,0.0,0.0,1.0,0.0,0.0,0.0,0.0,0.0,0.0,0.0,0.0,0.0,0.0,0.0,0.0,0.0,0.0,0.0,0.0,0.0
592,1302,LU,3.032,2.961,3.024,0.5169000482858522,10.23394495412844,0.0,0.0,0.255,0.0,0.0,0.0,0.0,0.0,0.0,0.0,0.0,0.0,0.0,0.0,0.0,0.0,0.0,0.0,0.0,0.0
594,60,IT,1.34,2.9,1.714,52.89682337992376,10.818932655654384,0.0,0.0,1.0,0.0,0.0,0.0,0.0,0.0,0.0,0.0,0.0,0.0,0.0,0.0,0.0,0.0,0.0,0.0,0.0,0.0
595,1334,NL,2.655,2.218,2.429,0.7559201805610289,3.0917493640955827,0.0,0.0,0.140809915,0.0,0.0,0.0,0.0,0.0,0.0,0.140809915,0.0,0.0,0.0,0.0,0.0,0.0,0.0,0.0,0.0,0.0
598,1929,US,4.508,3.198,1.571,0.6470528967254408,1.1073047858942064,0.0,0.0,0.159907641,0.0,0.0,0.0,0.0,0.0,0.0,0.0,0.0,0.0,0.0,0.0,0.0,0.0,0.0,0.0,0.0,0.0
604,46,EE,3.172,3.0,2.643,7.445151094743727,18.220744372921775,0.0,0.0,0.928682768,0.0,0.049273762,0.0,0.0,0.02204347,0.0,0.0,0.0,0.0,0.0,0.0,0.0,0.0,0.0,0.0,0.0,0.0
607,1748,US,3.9,3.0,1.857,1.4112857142857143,6.472214285714286,0.0,0.0,0.0,0.0,0.0,0.0,0.0,0.0,1.0,0.0,0.0,0.0,0.0,0.0,0.0,0.0,0.0,0.0,0.0,0.0
608,2601,US,3.521,2.0,1.643,0.18355003456078386,0.8893099813459826,0.0,0.0,1.0,0.0,0.0,0.0,0.0,0.0,0.0,0.0,0.0,0.0,0.0,0.0,0.0,0.0,0.0,0.0,0.0,0.0
609,1432,GB,3.76,3.17,2.548,1.6290677184466018,2.3155837378640776,0.0,0.0,0.0,0.0,0.0,0.0,1.0,0.0,0.0,0.0,0.0,0.0,0.0,0.0,0.0,0.0,0.0,0.0,0.0,0.0
610,3217,US,4.0,3.15,2.405,7.9565217391304355,4.217391304347826,0.0,0.0,1.0,0.0,0.0,0.0,0.0,0.0,0.0,0.0,0.0,0.0,0.0,0.0,0.0,0.0,0.0,0.0,0.0,0.0
611,2416,US,3.291,2.988,2.643,1.2403680206693999,9.441264053253752,0.0,0.0,0.5,0.0,0.0,0.0,0.0,0.0,0.0,0.0,0.0,0.0,0.0,0.0,0.0,0.0,0.0,0.0,0.0,0.0
613,3634,US,3.981,3.296,1.571,3.2633871203551945,4.554711686686109,0.0,0.0,0.0,0.0,0.0,0.0,0.0,0.0,0.853722556,0.0,0.0,0.0,0.0,0.0,0.0,0.0,0.0,0.146277444,0.0,0.0
615,2605,US,4.099,2.9,1.714,0.724535165407943,3.350975140011736,0.0,0.0,0.265000757,0.0,0.0,0.0,0.0,0.0,0.0,0.0,0.0,0.0,0.0,0.0,0.0,0.0,0.0,0.0,0.0,0.0
617,3789,US,3.708,2.993,3.119,3.584064138633931,6.148587456740773,0.0,0.0,0.5,0.0,0.0,0.0,0.0,0.0,0.0,0.0,0.0,0.0,0.0,0.0,0.0,0.0,0.0,0.0,0.0,0.0
619,1791,NL,3.545,3.0,2.476,0.7097067745197169,11.004651162790697,0.0,0.0,0.5,0.0,0.0,0.0,0.0,0.0,0.0,0.0,0.0,0.0,0.0,0.0,0.0,0.0,0.0,0.0,0.0,0.0
621,10054,US,3.71,2.801,1.429,22.200658607392,4.753282204601586,0.0,0.216891219,0.093900273,0.0,0.0,0.0,0.0,0.0,0.0,0.0,0.0,0.0,0.0,0.0,0.0,0.0,0.0,0.0,0.0,0.0
625,3618,US,4.0,3.0,1.571,1.5075999999999998,2.956906666666667,0.0,0.0,0.0,0.0,0.0,0.0,0.0,0.0,1.0,0.0,0.0,0.0,0.0,0.0,0.0,0.0,0.0,0.0,0.0,0.0
626,2090,US,4.145,2.865,3.024,20.059149463901257,7.206588124856972,0.0,0.0,0.969387762,0.0,0.0,0.0,0.0,0.0,0.0,0.0,0.0,0.0,0.0,0.0,0.0,0.0,0.0,0.0,0.0,0.0
628,3489,GB,4.05,2.9,2.524,8.530919721160332,8.389101266771606,0.0,0.0,1.0,0.0,0.0,0.0,0.0,0.0,0.0,0.0,0.0,0.0,0.0,0.0,0.0,0.0,0.0,0.0,0.0,0.0
629,1538,NL,3.9,1.655,2.214,23.42360655737705,19.3527868852459,0.0,0.0,1.0,0.0,0.0,0.0,0.0,0.0,0.0,0.0,0.0,0.0,0.0,0.0,0.0,0.0,0.0,0.0,0.0,0.0
630,2827,US,3.093,2.85,1.529,0.09963841807909606,0.6824463276836159,0.0,0.0,0.0,0.0,0.0,0.0,0.364448898,0.0,0.0,0.364448898,0.0,0.0,0.271102203,0.0,0.0,0.0,0.0,0.0,0.0,0.0
633,3540,GB,3.562,2.677,2.619,0.8073157894736842,6.512684210526316,0.0,0.0,0.355,0.0,0.0,0.0,0.0,0.0,0.0,0.0,0.0,0.0,0.0,0.0,0.0,0.0,0.0,0.0,0.0,0.0
635,1478,DE,2.466,2.517,3.024,21.061285407829743,7.744387684222248,0.0,0.0,1.0,0.0,0.0,0.0,0.0,0.0,0.0,0.0,0.0,0.0,0.0,0.0,0.0,0.0,0.0,0.0,0.0,0.0
636,1363,US,3.688,2.5,3.024,5.324894736842105,6.901105263157895,0.0,0.0,0.5,0.0,0.0,0.0,0.0,0.0,0.0,0.0,0.0,0.0,0.0,0.0,0.0,0.0,0.0,0.0,0.0,0.0
638,1843,US,3.732,3.066,1.643,8.979024864564524,9.11147381580775,0.0,0.208593786,0.145529472,0.0,0.0,0.0,0.0,0.0,0.0,0.0,0.0,0.0,0.0,0.0,0.0,0.0,0.0,0.0,0.0,0.0
642,2790,US,3.8,2.94,1.714,1.1355577557755776,0.4535973597359736,0.0,0.0,0.0,0.0,0.0,0.0,0.9151,0.0,0.0,0.0,0.0,0.0,0.0,0.0,0.0,0.0,0.0,0.0,0.0,0.0
644,10368,US,3.604,2.896,1.643,0.11388372093023255,0.27132751937984495,0.0,0.0,0.583549851,0.0,0.0,0.0,0.0,0.0,0.0,0.416450149,0.0,0.0,0.0,0.0,0.0,0.0,0.0,0.0,0.0,0.0
646,1796,US,3.75,2.981,2.476,0.7632638888888889,9.883263888888889,0.0,0.0,1.0,0.0,0.0,0.0,0.0,0.0,0.0,0.0,0.0,0.0,0.0,0.0,0.0,0.0,0.0,0.0,0.0,0.0
647,1711,FR,3.695,2.948,1.357,3.1883309823223986,4.348029652750683,0.0,0.0,0.03030303,0.0,0.0,0.0,0.0,0.0,0.0,0.0,0.0,0.0,0.0,0.0,0.0,0.0,0.0,0.0,0.0,0.0
650,2918,US,3.36,2.707,2.524,17.866,10.241862068965517,0.0,0.0,1.0,0.0,0.0,0.0,0.0,0.0,0.0,0.0,0.0,0.0,0.0,0.0,0.0,0.0,0.0,0.0,0.0,0.0
651,1274,ES,3.9,3.0,1.738,0.5227639917009212,3.35460802446409,0.0,0.0,1.0,0.0,0.0,0.0,0.0,0.0,0.0,0.0,0.0,0.0,0.0,0.0,0.0,0.0,0.0,0.0,0.0,0.0
652,1644,CH,4.067,2.6,3.338,9.54325,7.7723,0.0,0.0,1.0,0.0,0.0,0.0,0.0,0.0,0.0,0.0,0.0,0.0,0.0,0.0,0.0,0.0,0.0,0.0,0.0,0.0
653,3351,US,3.833,3.265,2.143,0.45635766030489266,1.8182259011210895,0.0,0.0,0.0,0.0,0.0,0.0,1.0,0.0,0.0,0.0,0.0,0.0,0.0,0.0,0.0,0.0,0.0,0.0,0.0,0.0
654,3435,US,4.0,3.0,1.429,1.3500432135306553,3.3803985412262154,0.0,0.0,0.0,0.0,0.0,0.0,0.0,0.0,1.0,0.0,0.0,0.0,0.0,0.0,0.0,0.0,0.0,0.0,0.0,0.0
655,1284,GB,4.2,3.0,1.452,0.7182692021545696,4.828199863107461,0.0,0.0,1.0,0.0,0.0,0.0,0.0,0.0,0.0,0.0,0.0,0.0,0.0,0.0,0.0,0.0,0.0,0.0,0.0,0.0
656,102,DE,4.4,2.876,2.048,43.86563517853468,12.919624271815906,0.0,0.0,1.0,0.0,0.0,0.0,0.0,0.0,0.0,0.0,0.0,0.0,0.0,0.0,0.0,0.0,0.0,0.0,0.0,0.0
657,4109,GB,3.664,3.404,2.0,1.5210757917897053,1.2677899368884256,0.0,0.0,0.315350395,0.0,0.0,0.0,0.684649605,0.0,0.0,0.0,0.0,0.0,0.0,0.0,0.0,0.0,0.0,0.0,0.0,0.0
659,1276,US,3.929,2.873,2.714,2.9098768809849522,2.400218878248974,0.0,0.0,1.0,0.0,0.0,0.0,0.0,0.0,0.0,0.0,0.0,0.0,0.0,0.0,0.0,0.0,0.0,0.0,0.0,0.0
660,1327,US,3.36,2.849,1.976,37.87250130977008,19.082998914376144,0.0,0.0,1.0,0.0,0.0,0.0,0.0,0.0,0.0,0.0,0.0,0.0,0.0,0.0,0.0,0.0,0.0,0.0,0.0,0.0
661,1813,MX,3.8,2.964,1.857,1.3699982002519646,2.651973723678685,0.0,0.0,1.0,0.0,0.0,0.0,0.0,0.0,0.0,0.0,0.0,0.0,0.0,0.0,0.0,0.0,0.0,0.0,0.0,0.0
662,2998,US,3.364,2.379,1.6,5.547889374090247,3.6629791363415816,0.0,0.0,1.0,0.0,0.0,0.0,0.0,0.0,0.0,0.0,0.0,0.0,0.0,0.0,0.0,0.0,0.0,0.0,0.0,0.0
663,3989,US,3.16,3.5,2.214,3.2826186440677967,1.611864406779661,0.0,0.0,1.0,0.0,0.0,0.0,0.0,0.0,0.0,0.0,0.0,0.0,0.0,0.0,0.0,0.0,0.0,0.0,0.0,0.0
664,4092,CH,3.929,3.033,2.452,2.388235294117647,1.1529411764705881,0.222189506,0.0,0.777810494,0.0,0.0,0.0,0.0,0.0,0.0,0.0,0.0,0.0,0.0,0.0,0.0,0.0,0.0,0.0,0.0,0.0
666,3148,FR,3.939,2.346,2.667,4.820294117647059,14.947647058823529,0.0,0.0,0.3864,0.0,0.0,0.0,0.0,0.0,0.0,0.0,0.0,0.0,0.0,0.0,0.0,0.0,0.0,0.0,0.0,0.0
668,3694,FR,2.471,2.0,2.071,0.2620670995670996,2.2225324675324676,0.0,0.0,0.0,0.0,0.0,0.0,0.189648929,0.0,0.0,0.472499286,0.0,0.0,0.0,0.0,0.0,0.0,0.0,0.0,0.0,0.0
672,1401,US,3.9,2.9,1.857,0.3735850340136055,1.4177755102040817,0.0,0.0,1.0,0.0,0.0,0.0,0.0,0.0,0.0,0.0,0.0,0.0,0.0,0.0,0.0,0.0,0.0,0.0,0.0,0.0
673,1296,IT,3.1,2.8,2.595,0.31280965977449665,40.44376910062012,0.0,0.0,0.0,0.0,0.0,0.0,0.0,0.0,0.0,0.0,0.0,0.0,1.0,0.0,0.0,0.0,0.0,0.0,0.0,0.0
674,3592,US,3.775,4.857,1.943,1.0070879630357226,3.3800311178864986,0.063878628,0.0,0.0,0.0,0.0,0.0,0.0,0.0,0.038004895,0.0,0.0,0.0,0.0,0.0,0.0,0.0,0.0,0.898116477,0.0,0.0
677,3723,GB,4.007,3.311,2.143,1.0643804347826087,1.212586956521739,0.0,0.0,0.0,0.0,0.0,0.0,1.0,0.0,0.0,0.0,0.0,0.0,0.0,0.0,0.0,0.0,0.0,0.0,0.0,0.0
678,972,IT,2.407,2.056,2.071,0.640601226993865,1.4249631901840492,0.0,0.0,0.0,0.0,0.0,0.0,0.0,0.0,0.0,0.727491667,0.0,0.0,0.0,0.0,0.0,0.0,0.0,0.0,0.0,0.0
680,1283,GB,3.781,3.152,2.333,1.35048046875,0.9302617187500001,0.0,0.145158079,0.059838934,0.0,0.0,0.0,0.735164052,0.0,0.0,0.0,0.0,0.0,0.0,0.0,0.0,0.0,0.0,0.0,0.0,0.0
684,10282,US,3.946,2.708,2.667,15.122922374429223,11.130273972602739,0.0,0.0,1.0,0.0,0.0,0.0,0.0,0.0,0.0,0.0,0.0,0.0,0.0,0.0,0.0,0.0,0.0,0.0,0.0,0.0
685,2901,US,2.745,3.108,2.357,1.8382660409794174,6.873035047778346,0.0,0.0,1.0,0.0,0.0,0.0,0.0,0.0,0.0,0.0,0.0,0.0,0.0,0.0,0.0,0.0,0.0,0.0,0.0,0.0
686,2084,FR,3.262,2.796,1.143,0.3929680954393458,1.0491506698993853,0.0,0.0,0.0591,0.0,0.0,0.0,0.0,0.0,0.0,0.0,0.0,0.0,0.0,0.0,0.0,0.0,0.0,0.0,0.0,0.0
689,1762,US,3.9,2.439,2.286,3.959617117117117,6.815472972972972,0.0,0.0,0.5,0.0,0.0,0.0,0.0,0.0,0.0,0.0,0.0,0.0,0.5,0.0,0.0,0.0,0.0,0.0,0.0,0.0
691,3035,US,4.875,3.0,1.857,47.19499661489094,26.212716375075143,0.0,0.333333333,0.0,0.333333333,0.0,0.0,0.0,0.333333333,0.0,0.0,0.0,0.0,0.0,0.0,0.0,0.0,0.0,0.0,0.0,0.0
694,1263,GB,4.709,3.153,1.952,0.1584452296819788,1.1020565371024735,0.0,0.0,0.0,0.0,0.0,0.0,0.949929909,0.0,0.050070091,0.0,0.0,0.0,0.0,0.0,0.0,0.0,0.0,0.0,0.0,0.0
696,1207,CZ,3.8,1.75,1.643,1.23170549652653,33.24114801906987,0.0,0.0,1.0,0.0,0.0,0.0,0.0,0.0,0.0,0.0,0.0,0.0,0.0,0.0,0.0,0.0,0.0,0.0,0.0,0.0
697,2774,US,4.518,3.769,2.571,0.7774436090225563,0.6977443609022556,0.0,0.0,0.800658345,0.0,0.0,0.0,0.0,0.0,0.0,0.0,0.0,0.0,0.0,0.0,0.099670828,0.0,0.0,0.0,0.0,0.0
700,1205,CH,3.25,2.5,2.667,12.018117509351383,9.484022305722602,0.0,0.0,1.0,0.0,0.0,0.0,0.0,0.0,0.0,0.0,0.0,0.0,0.0,0.0,0.0,0.0,0.0,0.0,0.0,0.0
701,1314,NL,3.602,2.653,2.333,11.65692007797271,12.475633528265107,0.0,0.0,1.0,0.0,0.0,0.0,0.0,0.0,0.0,0.0,0.0,0.0,0.0,0.0,0.0,0.0,0.0,0.0,0.0,0.0
702,2098,DE,4.254,2.692,2.024,0.5531400966183575,1.567632850241546,0.0,0.0,0.023700459,0.0,0.0,0.0,0.0,0.0,0.0,0.0,0.0,0.0,0.0,0.0,0.0,0.0,0.0,0.0,0.0,0.0
705,1289,CA,3.338,2.925,1.571,5.34314,7.1599,0.0,0.0,1.0,0.0,0.0,0.0,0.0,0.0,0.0,0.0,0.0,0.0,0.0,0.0,0.0,0.0,0.0,0.0,0.0,0.0
706,1750,US,3.875,2.56,1.929,11.456479128856625,15.658239564428312,0.0,0.0,0.5,0.0,0.0,0.0,0.0,0.0,0.0,0.0,0.0,0.0,0.0,0.0,0.0,0.0,0.0,0.0,0.0,0.0
708,4090,US,2.629,2.354,2.143,0.7831288566243193,2.006874773139746,0.0,0.0,0.0,0.0,0.0,0.0,0.195180176,0.0,0.0,0.257502042,0.0,0.0,0.032313697,0.0,0.0,0.0,0.0,0.0,0.0,0.0
712,4098,NO,2.354,3.0,1.595,2.454627450980392,14.73879411764706,0.0,0.0,1.0,0.0,0.0,0.0,0.0,0.0,0.0,0.0,0.0,0.0,0.0,0.0,0.0,0.0,0.0,0.0,0.0,0.0
713,1777,US,3.5,3.063,1.857,23.649425287356323,262.31018062397374,0.0,0.0,1.0,0.0,0.0,0.0,0.0,0.0,0.0,0.0,0.0,0.0,0.0,0.0,0.0,0.0,0.0,0.0,0.0,0.0
714,3387,US,3.9,3.0,1.786,28.727662337662338,133.87064935064936,0.0,0.0,0.0,0.0,0.0,0.0,0.0,0.0,1.0,0.0,0.0,0.0,0.0,0.0,0.0,0.0,0.0,0.0,0.0,0.0
